property_type,price_aprox_usd,surface_total_in_m2,surface_covered_in_m2,state,lat,lon
apartment,875000.0,0.0,263.0,Quintana Roo,21.1902642,-86.8198375
apartment,300000.0,1500.0,160.0,Quintana Roo,20.4987828982,-87.2228193283
apartment,172446.86,0.0,83.0,Distrito Federal,19.3794059,-99.1591446
apartment,115000.0,49.0,49.0,Quintana Roo,21.0511211635,-86.7828512192
apartment,70880.12,56.0,56.0,Distrito Federal,19.4024128,-99.0953907
apartment,30558.16,0.0,99.0,Quintana Roo,21.1541659192,-86.8471578694
house,131747.44,331.0,150.0,Distrito Federal,19.2690778853,-99.2035388947
apartment,1125000.0,260.0,260.0,Distrito Federal,19.430456,-99.1889121
apartment,222389.68,80.0,0.0,Distrito Federal,19.376482,-99.2587951
house,305654.07,200.0,263.0,Distrito Federal,19.307427366,-99.1170322895
house,65873.72,125.0,99.0,Quintana Roo,21.161908,-86.8515279
apartment,553339.27,320.0,320.0,Distrito Federal,19.390415,-99.254997
apartment,1053979.56,190.0,190.0,Distrito Federal,19.430456,-99.1889121
apartment,53399.87,0.0,60.0,Distrito Federal,19.2990233,-99.0436467
house,94858.16,160.0,200.0,Distrito Federal,19.3383626772,-99.0706713125
apartment,1478500.0,0.0,300.0,Quintana Roo,20.6523823712,-87.0461797714
house,168636.73,180.0,264.0,Distrito Federal,19.381207,-99.0978814
house,490100.49,1500.0,900.0,Quintana Roo,21.1199835722,-86.8363599075
apartment,492618.62,159.0,159.0,Distrito Federal,19.3753948137,-99.1657587614
house,4000000.0,713.0,451.0,Distrito Federal,19.420166,-99.220367
apartment,204950.0,91.0,62.0,Quintana Roo,20.6546691,-87.0540165
house,84298.37,180.0,180.0,Quintana Roo,21.129547,-86.817017
house,822051.36,658.0,530.0,Distrito Federal,19.3641188,-99.2640457
apartment,71975.74,119.0,119.0,Quintana Roo,20.6543977622,-87.0861594379
apartment,182000.0,0.0,0.0,Solidaridad,20.620914,-87.075059
house,711267.53,591.0,650.0,Distrito Federal,19.401079,-99.24807
house,468909.7,540.0,515.0,Quintana Roo,21.1070511,-86.8468159
house,147557.13,160.0,180.0,Quintana Roo,21.149599,-86.8317228
apartment,89588.26,80.0,80.0,Quintana Roo,21.1902642,-86.8198375
apartment,155425.12,73.0,73.0,Distrito Federal,19.394073,-99.153915
house,342543.35,250.0,387.0,Distrito Federal,19.3012112,-99.1290556
house,208111.61,113.0,311.0,Distrito Federal,19.271181,-99.137314
apartment,151773.05,80.0,0.0,Distrito Federal,19.4233932,-99.1682732
house,2160658.1,700.0,1050.0,Distrito Federal,19.390415,-99.254997
house,105397.95,110.0,180.0,Quintana Roo,21.1545808,-86.8523054
apartment,47376.38,54.0,54.0,Distrito Federal,19.4045899,-99.0601489
apartment,258224.99,0.0,84.0,Distrito Federal,19.4169673,-99.1658498
house,102763.0,218.0,269.0,Quintana Roo,21.164824,-86.8327018
apartment,99530.03,0.0,62.0,Distrito Federal,19.4553585442,-99.1632923484
house,200208.63,109.0,184.0,Distrito Federal,19.2801195,-99.2137844
apartment,1350000.0,350.0,350.0,Distrito Federal,19.4011351582,-99.2554439631
house,97996.85,96.0,2.0,Distrito Federal,19.4510306354,-99.065538235
apartment,147557.13,0.0,65.0,Distrito Federal,19.3499358,-99.2906864
house,83211.68,158.0,138.0,Quintana Roo,20.6572413506,-87.094373703
apartment,154724.19,0.0,74.0,Distrito Federal,19.3807458,-99.1553016
house,289844.37,300.0,350.0,Quintana Roo,21.082655,-86.857162
house,403854.93,371.0,368.0,Distrito Federal,19.2707122505,-99.1396721452
house,76131.96,90.0,144.0,Distrito Federal,19.4548897,-99.0538781
apartment,1895989.0,0.0,498.0,Quintana Roo,21.0906563,-86.7717484
apartment,800000.0,446.0,446.0,Distrito Federal,19.390415,-99.254997
apartment,407919.0,0.0,213.0,Quintana Roo,21.1651106632,-86.8201701343
house,297678.63,280.0,380.0,Quintana Roo,21.1095243506,-86.8429112434
apartment,262177.41,0.0,179.0,Quintana Roo,21.1902642,-86.8198375
apartment,325000.0,0.0,130.0,Quintana Roo,20.2024604644,-87.4630379677
apartment,213430.86,110.0,110.0,Distrito Federal,19.4124708,-99.1717827
house,131747.44,200.0,210.0,Quintana Roo,21.1543341422,-86.8512002751
apartment,421591.82,0.0,175.0,Distrito Federal,19.4114169,-99.1739405
apartment,223970.65,108.0,108.0,Distrito Federal,19.3853063,-99.1521292
house,113302.8,172.0,145.0,Quintana Roo,20.6384345312,-87.0732097328
apartment,420000.0,200.0,200.0,Quintana Roo,21.1279956,-86.7644738
house,173865.39,160.0,275.0,Quintana Roo,21.129547,-86.817017
apartment,334559.17,0.0,168.0,Distrito Federal,19.3609784,-99.2084005
house,156779.46,240.0,140.0,Distrito Federal,19.2865191,-99.2283274
house,3350000.0,1100.0,1200.0,Distrito Federal,19.4122137,-99.2153341
house,81664.04,0.0,0.0,Quintana Roo,21.139086,-86.84964
house,426861.72,600.0,395.0,Quintana Roo,20.6764114797,-87.0514203197
house,73778.56,252.0,252.0,Distrito Federal,19.354297,-98.9978448
apartment,157690.64,75.0,75.0,Distrito Federal,19.39365,-99.14769
apartment,252895.12,150.0,150.0,Distrito Federal,19.3392293,-99.2189838
apartment,350000.0,221.0,221.0,Solidaridad,19.993998,-87.1875
house,231875.5,200.0,450.0,Distrito Federal,19.3972156,-99.0648632
apartment,289844.37,0.0,164.0,Distrito Federal,19.41498,-99.177444
house,131716.2,110.0,200.0,Quintana Roo,21.0958115744,-86.8690896034
house,86405.83,0.0,120.0,Quintana Roo,20.6140672951,-87.1172904968
house,173906.62,160.0,198.0,Distrito Federal,19.3661948918,-99.1211414337
house,1185727.0,450.0,600.0,Distrito Federal,19.4010793,-99.2480728
house,40683.61,105.0,82.0,Quintana Roo,21.139086,-86.84964
apartment,34246.21,59.0,59.0,Distrito Federal,19.524143,-99.160149
apartment,565500.0,166.0,136.0,Quintana Roo,20.6347622491,-87.0636034012
house,44794.13,140.0,0.0,Quintana Roo,21.129547,-86.817017
apartment,158059.45,100.0,100.0,Distrito Federal,19.3677299,-99.1527773
apartment,750000.0,0.0,239.0,Quintana Roo,21.1295101033,-86.7501325607
apartment,49055.95,0.0,70.0,Quintana Roo,20.6542296048,-87.087635994
house,173906.62,160.0,185.0,Quintana Roo,21.100996554,-86.8623733521
apartment,390000.0,0.0,200.0,Quintana Roo,21.1295466,-86.8170132
house,2000000.0,1332.0,619.0,Distrito Federal,19.3472426513,-99.1838417575
store,210795.91,600.0,280.0,Quintana Roo,21.1579193,-86.8238997
apartment,139968.48,0.0,64.0,Distrito Federal,19.365391,-99.18956
apartment,184446.42,0.0,106.0,Distrito Federal,19.3714480121,-99.149787426
apartment,625000.0,0.0,350.0,Distrito Federal,19.420166,-99.220367
house,158096.93,160.0,200.0,Quintana Roo,21.161908,-86.8515279
house,385000.0,360.0,220.0,Quintana Roo,20.613448043,-87.0964579575
apartment,310923.97,0.0,60.0,Distrito Federal,19.411472,-99.188522
apartment,1850000.0,400.0,400.0,Distrito Federal,19.396714267,-99.2374929786
apartment,60603.82,53.0,53.0,Distrito Federal,19.262049,-99.1138
apartment,995000.0,0.0,330.0,Distrito Federal,19.413143,-99.2305521
house,1028494.71,232.0,417.0,Distrito Federal,19.4326577,-99.1774462
house,342462.14,420.0,325.0,Distrito Federal,19.340202,-99.257774
apartment,117735.94,0.0,62.0,Distrito Federal,19.4306069,-99.0949899
apartment,720000.0,250.0,250.0,Distrito Federal,19.3929373,-99.2633141
apartment,426861.72,163.0,235.0,Distrito Federal,19.3864346,-99.1594925
apartment,1500000.0,0.0,350.0,Distrito Federal,19.371342,-99.253616
apartment,194986.21,60.0,60.0,Distrito Federal,19.4445115,-99.1895493
apartment,473816.51,157.0,157.0,Distrito Federal,19.394358,-99.177444
house,124369.58,0.0,0.0,Quintana Roo,20.6227211606,-87.0993175486
house,39524.23,160.0,180.0,Quintana Roo,21.161908,-86.8515279
apartment,73761.07,0.0,0.0,Distrito Federal,19.365156,-99.1138
apartment,71126.75,0.0,0.0,Distrito Federal,19.4535629028,-99.182510376
apartment,233851.71,125.0,125.0,Distrito Federal,19.394358,-99.177444
house,167582.75,85.0,142.0,Distrito Federal,19.2681974,-99.1307421
house,776086.39,149.0,429.0,Distrito Federal,19.357464,-99.207909
apartment,145000.0,88.0,88.0,Quintana Roo,20.6167183342,-87.0924425125
apartment,368892.84,165.0,165.0,Distrito Federal,19.4097609,-99.1686282
house,1500000.0,468.0,450.0,Quintana Roo,21.1117463016,-86.7666184902
house,658737.22,500.0,0.0,Distrito Federal,19.2831289,-99.2217537
house,342462.14,232.0,431.0,Distrito Federal,19.3073525,-99.1061901
apartment,263432.41,180.0,180.0,Quintana Roo,21.161908,-86.8515279
apartment,226605.6,0.0,136.0,Distrito Federal,19.394358,-99.177444
apartment,131747.44,0.0,100.0,Distrito Federal,19.3898619,-99.1674138
apartment,700000.0,410.0,410.0,Distrito Federal,19.390415,-99.254997
apartment,215000.0,0.0,51.0,Solidaridad,20.6295586,-87.0738851
house,3000000.0,1250.0,1200.0,Distrito Federal,19.320575,-99.20929
apartment,55333.92,98.0,98.0,Distrito Federal,19.3549174,-99.0993735
apartment,225504.19,0.0,65.0,Distrito Federal,19.358585,-99.185753
apartment,142287.24,119.0,119.0,Distrito Federal,19.3703820187,-99.1493282287
house,118572.7,160.0,290.0,Benito Juárez,21.1773896,-86.8179603
apartment,458372.4,360.0,270.0,Distrito Federal,19.3769448,-99.1651109
apartment,866400.0,152.0,152.0,Distrito Federal,19.432609,-99.1941739
apartment,36889.28,71.0,71.0,Distrito Federal,19.2818221685,-99.1876426712
apartment,905000.0,550.0,550.0,Quintana Roo,21.161908,-86.8515279
apartment,1215000.0,256.0,184.0,Distrito Federal,19.4368736,-99.1973268
house,9000000.0,1200.0,1600.0,Distrito Federal,19.3818873,-99.2202827
house,474178.35,187.0,307.0,Distrito Federal,19.358585,-99.185753
apartment,152827.03,147.0,147.0,Quintana Roo,21.161908,-86.8515279
apartment,230821.52,0.0,85.0,Distrito Federal,19.3943574,-99.1774462
apartment,169000.0,68.0,68.0,Quintana Roo,20.6369485603,-87.0677702129
apartment,263284.09,0.0,220.0,Quintana Roo,21.1517157163,-86.8185353279
apartment,163366.83,0.0,80.0,Distrito Federal,19.3499358,-99.2906864
store,128000.0,0.0,50.0,Quintana Roo,20.6148413173,-87.0929842048
apartment,332836.85,110.0,110.0,Distrito Federal,19.371342,-99.253616
apartment,892706.0,168.0,168.0,Distrito Federal,19.4330857,-99.2005645
apartment,139000.0,125.0,125.0,Solidaridad,20.630723,-87.073113
apartment,187081.37,100.0,100.0,Distrito Federal,19.3392293,-99.2189838
house,700730.23,490.0,725.0,Distrito Federal,19.5462484,-99.131088
apartment,39524.23,15.0,66.0,Distrito Federal,19.461416,-99.133163
apartment,374337.46,184.0,184.0,Distrito Federal,19.3023508,-99.1679459
apartment,163366.83,0.0,99.0,Distrito Federal,19.3747920646,-99.137270786
house,553339.27,0.0,250.0,Distrito Federal,19.381729,-99.164986
apartment,820000.0,30000.0,283.0,Quintana Roo,21.1902642,-86.8198375
house,2500000.0,1100.0,800.0,Distrito Federal,19.420166,-99.220367
store,65873.72,303.0,303.0,Quintana Roo,21.1463698,-86.8613971
apartment,516449.98,240.0,120.0,Distrito Federal,19.320576,-99.20929
house,242415.29,800.0,450.0,Quintana Roo,21.158964,-86.845937
apartment,31619.38,69.0,69.0,Distrito Federal,19.505199,-99.155991
house,674386.99,0.0,265.0,Distrito Federal,19.390415,-99.254997
apartment,57968.87,24.0,73.0,Distrito Federal,19.3883217,-99.1862188
house,129000.0,207.0,157.0,Quintana Roo,20.2088602,-87.4653115
house,226605.6,300.0,308.0,Distrito Federal,19.4615578,-99.130454
house,570000.0,0.0,450.0,Quintana Roo,20.628505,-87.079752
house,231875.5,240.0,388.0,Distrito Federal,19.462588021,-99.1328519441
apartment,99074.07,0.0,133.0,Distrito Federal,19.3152718515,-99.1075855494
apartment,474178.35,188.0,188.0,Distrito Federal,19.3634214999,-99.2763233185
house,83264.38,160.0,210.0,Quintana Roo,21.146414,-86.843369
apartment,79048.46,82.0,82.0,Quintana Roo,21.1902642,-86.8198375
house,4500000.0,4000.0,2000.0,Quintana Roo,20.8478084,-86.8755342
house,71670.61,117.0,117.0,Quintana Roo,20.6295586,-87.0738851
house,126447.56,190.0,280.0,Distrito Federal,19.476545,-99.066788
apartment,331924.84,128.0,128.0,Distrito Federal,19.4070717,-99.1621603
apartment,189716.32,180.0,180.0,Distrito Federal,19.3428273,-99.1522157
house,115937.75,112.0,180.0,Quintana Roo,21.129547,-86.817017
apartment,287209.43,180.0,180.0,Distrito Federal,19.3049333,-99.1836755
apartment,33990.84,0.0,47.0,Distrito Federal,19.3916358,-99.0557268
apartment,263494.89,120.0,120.0,Distrito Federal,19.3024064,-99.2018433
house,1085598.95,800.0,660.0,Distrito Federal,19.3228543,-99.2059887
apartment,300000.0,122.0,122.0,Quintana Roo,20.6295586,-87.0738851
apartment,18444.64,45.0,45.0,Distrito Federal,19.4873329,-99.1236134
apartment,80139.33,0.0,50.0,Distrito Federal,19.4555330491,-99.1633956134
house,225024.63,437.0,210.0,Quintana Roo,20.65593,-87.05368
house,1690000.0,535.0,50.0,Quintana Roo,21.129547,-86.817017
house,210795.91,94.0,232.0,Distrito Federal,19.3393661,-99.1455392
house,205477.28,300.0,222.0,Quintana Roo,21.1473004962,-86.830727309
house,139619.18,205.0,144.0,Quintana Roo,20.6148304777,-87.1044373512
house,782579.82,384.0,629.0,Distrito Federal,19.38155587,-99.1729466245
apartment,131418.07,94.0,94.0,Distrito Federal,19.3338880248,-99.151327014
apartment,340345.2,108.0,108.0,Distrito Federal,19.4032833,-99.1821858
apartment,137017.34,78.0,78.0,Distrito Federal,19.3825040623,-99.1580399126
apartment,189716.32,0.0,300.0,Quintana Roo,21.141269068,-86.8256378174
house,790484.67,500.0,500.0,Distrito Federal,19.341894,-99.224525
house,383294.16,0.0,237.0,Distrito Federal,19.3402891,-99.1989148
apartment,53399.87,0.0,60.0,Distrito Federal,19.2990233,-99.0436467
apartment,444726.6,220.0,314.0,Distrito Federal,19.381729,-99.164986
apartment,150830.86,0.0,73.0,Distrito Federal,19.3596034,-99.1514055
house,102957.29,120.0,141.0,Distrito Federal,19.3126089706,-99.1228191555
house,65873.72,150.0,150.0,Quintana Roo,21.1363144,-86.8403365
house,279304.58,371.0,330.0,Quintana Roo,21.139086,-86.84964
apartment,505910.19,0.0,253.0,Quintana Roo,21.129547,-86.817017
house,205526.01,378.0,179.0,Quintana Roo,21.0717887,-86.8881652
house,129112.49,156.0,140.0,Quintana Roo,20.626583,-87.078659
house,86953.31,110.0,150.0,Quintana Roo,21.082655,-86.857162
house,147522.15,200.0,300.0,Quintana Roo,21.139086,-86.84964
house,216803.59,270.0,236.0,Quintana Roo,21.082655,-86.857162
house,92023.21,161.0,133.0,Zacatecas,18.015418,-92.953393
apartment,73778.56,98.0,0.0,Distrito Federal,19.3305971,-99.0536536
apartment,269180.16,117.0,117.0,Distrito Federal,19.3503274,-99.2989735
house,737785.69,177.0,400.0,Distrito Federal,19.355921,-99.180214
apartment,310729.14,121.0,121.0,Distrito Federal,19.394358,-99.177444
apartment,265000.0,1500.0,233.0,Quintana Roo,20.4991035674,-87.2227642199
apartment,166528.77,0.0,144.0,Quintana Roo,21.1551822,-86.8218046
apartment,265234.0,3000.0,156.0,Quintana Roo,20.6157480492,-87.0938821882
house,246104.22,275.0,327.0,Distrito Federal,19.3439785,-99.1248628
apartment,33200.35,50.0,50.0,Distrito Federal,19.4179232,-99.1483827
house,105397.95,190.0,230.0,Quintana Roo,21.161908,-86.8515279
house,595000.0,748.0,491.0,Quintana Roo,20.65593,-87.05368
apartment,388688.69,0.0,203.0,Quintana Roo,21.1903799,-86.8190064
apartment,190122.1,97.0,97.0,Distrito Federal,19.3813197,-99.1996895
house,2000000.0,413.0,550.0,Distrito Federal,19.420166,-99.220367
house,737785.69,500.0,420.0,Distrito Federal,19.4037619,-99.2513326
apartment,135057.59,93.0,79.0,Distrito Federal,19.3638234,-99.1444714
house,97493.1,985.0,230.0,Quintana Roo,21.117013009,-86.8487233455
apartment,890000.0,0.0,284.0,Quintana Roo,21.1902642,-86.8198375
apartment,26349.48,0.0,42.0,Distrito Federal,19.444584,-99.174675
house,105372.96,0.0,0.0,Distrito Federal,19.2725263642,-99.2171752453
apartment,545000.0,2000.0,254.0,Solidaridad,20.626583,-87.078659
apartment,50327.52,76.0,76.0,Distrito Federal,19.4113101,-99.064722
house,94835.67,150.0,280.0,Distrito Federal,19.34343,-98.988029
house,105372.96,484.0,253.0,Distrito Federal,19.3211179,-99.0755302
house,1000000.0,470.0,550.0,Distrito Federal,19.404579758,-99.2446129024
house,395242.33,1000.0,700.0,Quintana Roo,21.0707599686,-86.8510852754
apartment,430000.0,0.0,220.0,Quintana Roo,21.1184519879,-86.7688007344
apartment,83180.59,0.0,127.0,Distrito Federal,19.2990233,-99.0436467
apartment,209693.45,0.0,146.0,Quintana Roo,21.1492842346,-86.8211424351
apartment,753595.38,0.0,226.0,Distrito Federal,19.390415,-99.254997
apartment,216065.81,0.0,147.0,Quintana Roo,21.1217346614,-86.7687320709
apartment,25275.11,62.0,42.0,Distrito Federal,19.4306069,-99.0949899
apartment,113566.29,0.0,60.0,Distrito Federal,19.3605334,-99.2267067
apartment,893500.0,0.0,215.0,Solidaridad,20.658486188,-87.0446777344
house,158096.93,130.0,360.0,Quintana Roo,21.1444567,-86.8493821
apartment,18971.63,0.0,56.0,Distrito Federal,19.301945,-99.0495332
apartment,733560.0,165.0,165.0,Quintana Roo,20.6314764478,-87.0657934248
apartment,510000.0,209.0,209.0,Quintana Roo,21.1470228208,-86.7919864655
apartment,242415.29,0.0,170.0,Distrito Federal,19.400249,-99.177444
apartment,34254.33,60.0,60.0,Distrito Federal,19.524143,-99.160149
apartment,650000.0,0.0,273.0,Quintana Roo,21.1347621,-86.7461357
apartment,255529.44,60.0,0.0,Distrito Federal,19.4374246,-99.1905651
house,711436.2,177.0,400.0,Distrito Federal,19.3559202,-99.1802147
apartment,654457.8,205.0,205.0,Distrito Federal,19.3577935962,-99.2744779587
house,416223.22,177.0,340.0,Distrito Federal,19.353813,-99.163605
house,550000.0,247.0,247.0,Quintana Roo,20.503029,-87.222649
house,605894.56,400.0,400.0,Distrito Federal,19.343294,-99.240456
apartment,27606.96,48.0,48.0,Distrito Federal,19.393751,-99.049999
apartment,44783.51,0.0,0.0,Distrito Federal,19.4780078,-99.15275
house,249000.0,1360.0,100.0,Quintana Roo,20.6950637922,-87.060341835
apartment,162123.24,145.0,64.0,Distrito Federal,19.3638234,-99.1444714
house,379432.64,375.0,560.0,Quintana Roo,21.1399481749,-86.8291139603
apartment,521719.88,184.0,184.0,Distrito Federal,19.3556628374,-99.2753872275
house,316193.86,60.0,185.0,Distrito Federal,19.3857490016,-99.1858577728
store,160000.0,0.0,0.0,Quintana Roo,20.6635341,-87.0680933
store,96775.0,0.0,734.0,Quintana Roo,21.161908,-86.8515279
house,237089.17,276.0,144.0,Distrito Federal,19.473486,-99.185753
apartment,439000.0,265.0,225.0,Quintana Roo,21.1902642,-86.8198375
apartment,10579.0,43.0,43.0,Distrito Federal,19.4782031,-99.1326443
apartment,270951.79,103.0,103.0,Distrito Federal,19.394358,-99.177444
house,97493.1,170.0,400.0,Distrito Federal,19.4479726,-99.1105131
house,580000.0,380.0,405.0,Quintana Roo,21.1295466,-86.8170132
house,210795.91,140.0,190.0,Distrito Federal,19.3138472,-99.0914512
house,1567500.0,469.0,522.0,Quintana Roo,21.1670281292,-86.8127975485
apartment,1212076.49,420.0,800.0,Distrito Federal,19.4318149,-99.1940586
apartment,131031.28,167.0,141.0,Benito Juárez,21.1004863999,-86.8671302094
house,1500000.0,1100.0,1000.0,Distrito Federal,19.4032760464,-99.2538713053
house,378815.81,165.0,230.0,Distrito Federal,19.382275,-99.270241
apartment,152000.0,75.0,75.0,Quintana Roo,20.6157179238,-87.0931955427
apartment,173643.13,0.0,101.0,Distrito Federal,19.2753576,-99.1675547
house,155461.98,160.0,220.0,Quintana Roo,21.161908,-86.8515279
house,237145.4,400.0,350.0,Quintana Roo,21.1486457139,-86.844076328
apartment,44497.91,74.0,74.0,Distrito Federal,19.3223015,-99.1035542
house,289775.66,371.0,340.0,Quintana Roo,21.139086,-86.84964
apartment,115937.75,110.0,110.0,Distrito Federal,19.343979,-99.124863
apartment,300911.16,124.0,124.0,Distrito Federal,19.3815906,-99.1653974
apartment,430866.84,157.0,157.0,Distrito Federal,19.394358,-99.177444
house,420000.0,341.0,260.0,Quintana Roo,20.6804573963,-87.0356051624
house,62711.78,132.0,193.0,Distrito Federal,19.3707369783,-99.294244498
house,34844.56,109.0,174.0,Distrito Federal,19.279188,-99.005989
house,237145.4,300.0,327.0,Quintana Roo,21.1087511639,-86.8443314731
apartment,192305.66,70.0,70.0,Distrito Federal,19.3755039,-99.1630337
apartment,575000.0,169.0,0.0,Solidaridad,20.6295586,-87.0738851
apartment,86584.42,70.0,70.0,Distrito Federal,19.3865508,-99.1937082
apartment,711028.89,221.0,221.0,Distrito Federal,19.3576316393,-99.2747354507
house,18545.64,52.0,52.0,Quintana Roo,21.161995,-86.880989
apartment,151567.64,180.0,180.0,Distrito Federal,19.407682,-99.172042
apartment,177068.56,152.0,152.0,Distrito Federal,19.3108788,-99.1386972
house,1106416.15,750.0,900.0,Distrito Federal,19.3559202,-99.1802147
apartment,14606.11,13.0,44.0,Distrito Federal,19.3921653148,-99.0574979782
house,392514.3,200.0,285.0,Distrito Federal,19.355751,-99.299347
apartment,37934.26,60.0,60.0,Distrito Federal,19.4900536,-99.0935504
house,2700000.0,897.0,598.0,Quintana Roo,21.129547,-86.817017
apartment,177068.56,0.0,102.0,Distrito Federal,19.39912,-99.141464
apartment,574418.86,0.0,240.0,Distrito Federal,19.390415,-99.254997
apartment,685086.71,255.0,255.0,Distrito Federal,19.3619852,-99.2663861
apartment,652936.65,393.0,357.0,Distrito Federal,19.4425711213,-99.2028173804
apartment,237089.17,109.0,109.0,Distrito Federal,19.3668017,-99.1724994
house,737610.77,152.0,360.0,Distrito Federal,19.41498,-99.177444
house,38470.25,100.0,90.0,Quintana Roo,21.129547,-86.817017
apartment,81683.41,0.0,60.0,Distrito Federal,19.3778105,-99.1975082
apartment,309553.79,117.0,117.0,Distrito Federal,19.394358,-99.177444
apartment,420000.0,0.0,180.0,Quintana Roo,21.129547,-86.817017
house,197621.16,1850.0,300.0,Distrito Federal,19.199665,-99.153915
apartment,65858.1,70.0,70.0,Distrito Federal,19.3437444,-99.1561883
apartment,184446.42,0.0,250.0,Quintana Roo,21.136350683,-86.8287330866
house,1990000.0,580.0,600.0,Distrito Federal,19.401079,-99.24807
house,3450000.0,1000.0,1400.0,Quintana Roo,21.1717664129,-86.8078365331
apartment,475000.0,259.0,259.0,Quintana Roo,21.129547,-86.817017
store,20080645.0,0.0,3150.0,Quintana Roo,21.162939,-86.823855
apartment,139000.0,52.0,52.0,Quintana Roo,21.2013833711,-86.8053060941
house,79029.72,4900.0,180.0,Quintana Roo,21.129547,-86.817017
house,990000.0,495.0,157.0,Quintana Roo,20.8501512377,-86.8750129268
apartment,205526.01,0.0,98.0,Distrito Federal,19.3756773,-99.1546074
house,736557.04,115.0,393.0,Distrito Federal,19.357464,-99.207909
apartment,389972.43,228.0,228.0,Distrito Federal,19.432657,-99.177444
apartment,330000.0,0.0,147.0,Quintana Roo,21.1283087,-86.7643776
apartment,816640.49,0.0,270.0,Distrito Federal,19.3605334,-99.2267067
apartment,41368.69,50.0,50.0,Distrito Federal,19.3579916,-99.0648692
house,843183.65,800.0,800.0,Distrito Federal,19.401079,-99.24807
house,250000.0,350.0,207.0,Quintana Roo,20.63719,-87.089897
apartment,260859.94,0.0,160.0,Quintana Roo,21.1902642,-86.8198375
house,100104.31,159.0,160.0,Quintana Roo,21.1560588,-86.8486808
apartment,28825.02,32.0,77.0,Distrito Federal,19.4959960885,-99.2017929554
house,205000.0,180.0,160.0,Quintana Roo,20.6180275188,-87.0856317133
apartment,285000.0,0.0,242.0,Quintana Roo,20.6153928204,-87.0886230469
apartment,26349.48,44.0,44.0,Distrito Federal,19.4620417,-99.1321904
house,416321.92,289.0,450.0,Quintana Roo,21.110295031,-86.8460386992
apartment,146219.53,0.0,86.0,Distrito Federal,19.3803931,-99.1476908
house,90115.25,0.0,0.0,Distrito Federal,19.3797119713,-99.1879928112
apartment,189610.92,0.0,108.0,Distrito Federal,19.4482164,-99.1589625
house,216014.58,300.0,310.0,Quintana Roo,21.129547,-86.817017
apartment,233500.0,80.0,80.0,Quintana Roo,20.626583,-87.078659
house,166001.78,206.0,170.0,Distrito Federal,19.249130897,-99.1566525819
house,574418.86,237.0,350.0,Distrito Federal,19.2995935,-99.2047923
apartment,36889.28,62.0,62.0,Distrito Federal,19.4306069,-99.0949899
apartment,79566.6,0.0,121.0,Distrito Federal,19.2990233,-99.0436467
apartment,194986.21,60.0,60.0,Distrito Federal,19.440935,-99.188522
house,342462.14,900.0,400.0,Quintana Roo,21.082655,-86.857162
house,270000.0,0.0,284.0,Quintana Roo,20.6376840173,-87.0701050758
apartment,152827.03,0.0,78.0,Distrito Federal,19.3499358,-99.2906864
house,492735.44,332.0,442.0,Distrito Federal,19.355751,-99.299347
house,678235.84,121.0,281.0,Distrito Federal,19.3445588,-99.1864442
house,1800000.0,460.0,556.0,Quintana Roo,21.1588598388,-86.801122427
house,549000.0,397.0,320.0,Quintana Roo,20.613375,-87.089897
apartment,8429837.4,350.0,350.0,Distrito Federal,19.3470575,-99.2965778
apartment,1500000.0,0.0,410.0,Distrito Federal,19.401079,-99.24807
house,247626.47,312.0,526.0,Quintana Roo,20.634902703,-87.093088647
apartment,163366.83,0.0,78.0,Distrito Federal,19.3499358,-99.2906864
apartment,50064.02,0.0,86.0,Quintana Roo,20.626583,-87.078659
house,252955.09,153.0,255.0,Distrito Federal,19.3471142162,-99.1543257236
apartment,129000.0,90.0,0.0,Quintana Roo,20.6133752,-87.0898943
apartment,182597.74,100.0,100.0,Distrito Federal,19.364967,-99.1428406
apartment,475000.0,171.0,171.0,Quintana Roo,20.6514788249,-87.0468020439
apartment,124608.8,300.0,120.0,Quintana Roo,21.082655,-86.857162
apartment,171271.67,74.0,74.0,Distrito Federal,19.323066,-99.1393153
apartment,83160.87,0.0,126.0,Distrito Federal,19.2990233,-99.0436467
house,579688.75,200.0,325.0,Distrito Federal,19.3779166,-99.1709895
house,2000000.0,750.0,800.0,Distrito Federal,19.420166,-99.220367
apartment,465900.0,0.0,185.0,Quintana Roo,21.158964,-86.845937
house,97493.1,168.0,168.0,Quintana Roo,21.203037,-86.806343
house,2850000.0,550.0,650.0,Quintana Roo,21.129547,-86.817017
apartment,34254.33,60.0,60.0,Distrito Federal,19.524143,-99.160149
apartment,208160.96,0.0,60.0,Distrito Federal,19.440935,-99.188522
apartment,399000.0,154.0,154.0,Quintana Roo,21.1121476062,-86.7676243186
house,750000.0,800.0,300.0,Quintana Roo,21.1347621,-86.7461357
apartment,221208.0,1000.0,100.0,Quintana Roo,20.2112148,-87.462213
store,140000.0,0.0,36.0,Quintana Roo,20.6147810662,-87.0929412894
house,1150000.0,523.0,450.0,Distrito Federal,19.401079,-99.24807
house,97469.99,170.0,0.0,Quintana Roo,21.129547,-86.817017
apartment,65873.72,25.0,85.0,Distrito Federal,19.2963742,-99.1186279
house,223917.55,142.0,206.0,Distrito Federal,19.2781744,-99.1424947
house,187300.44,270.0,236.0,Quintana Roo,21.1136543,-86.8414847
apartment,20626.75,47.0,47.0,Distrito Federal,19.3481352,-99.0802278
house,950000.0,500.0,220.0,Quintana Roo,21.158964,-86.845937
apartment,292229.0,2397.0,331.0,Quintana Roo,21.1108092328,-86.854012236
apartment,110667.85,0.0,170.0,Quintana Roo,21.129547,-86.817017
house,437401.51,325.0,350.0,Distrito Federal,19.278061,-99.146996
house,1710000.0,465.0,394.0,Quintana Roo,21.1347621,-86.7461357
house,1475571.38,40000.0,660.0,Distrito Federal,19.267261,-99.146568
house,690000.0,382.0,350.0,Quintana Roo,21.1126908709,-86.7653115839
house,65873.72,170.0,221.0,Quintana Roo,21.1758219963,-86.8605192751
apartment,1800000.0,0.0,363.0,Distrito Federal,19.4278087,-99.1871851
apartment,295114.27,0.0,109.0,Distrito Federal,19.41498,-99.177444
apartment,202891.06,0.0,95.0,Distrito Federal,19.3628631,-99.1739857
house,1211789.12,1080.0,1060.0,Distrito Federal,19.355921,-99.180214
apartment,302407.81,1118.0,1118.0,Distrito Federal,19.3689778408,-99.1685736179
apartment,283425.64,114.0,114.0,Distrito Federal,19.381729,-99.164986
apartment,850000.0,0.0,250.0,Distrito Federal,19.429852,-99.181946
apartment,2850000.0,0.0,816.0,Distrito Federal,19.420166,-99.220367
apartment,811800.0,0.0,283.0,Quintana Roo,21.129547,-86.817017
apartment,7823.94,49.0,49.0,Distrito Federal,19.2878066,-99.0522925
house,650000.0,400.0,383.0,Quintana Roo,20.6135651992,-87.0893418789
house,79029.72,250.0,250.0,Quintana Roo,21.129547,-86.817017
house,1300000.0,2400.0,300.0,Quintana Roo,20.8482492,-86.876106
house,1475221.54,1496.0,800.0,Quintana Roo,21.161908,-86.8515279
apartment,293600.0,99.0,99.0,Quintana Roo,20.6295586,-87.0738851
house,26343.24,193.0,116.0,Distrito Federal,19.2572314,-99.1029664
apartment,51632.75,0.0,61.0,Distrito Federal,19.3200381,-99.082512
apartment,148558.41,0.0,60.0,Distrito Federal,19.3736979,-99.1933122
apartment,250320.14,180.0,1.0,Quintana Roo,21.149204,-86.833328
house,1101408.64,760.0,682.0,Distrito Federal,19.390415,-99.254997
house,260798.09,332.0,280.0,Distrito Federal,19.3189618,-99.2266013
apartment,34254.33,0.0,0.0,Distrito Federal,19.441147,-99.16983
apartment,48829.92,0.0,70.0,Quintana Roo,20.6542296048,-87.0873355865
house,179176.52,4200.0,200.0,Quintana Roo,21.145283,-86.822662
apartment,42159.18,59.0,59.0,Distrito Federal,19.4558491807,-99.2046815157
apartment,280000.0,0.0,0.0,Quintana Roo,20.626583,-87.078659
apartment,86689.81,65.0,65.0,Distrito Federal,19.3865940087,-99.1936147213
apartment,380000.0,166.0,166.0,Quintana Roo,21.0250671811,-86.8110895104
house,727073.47,252.0,445.0,Distrito Federal,19.3235137,-99.2316619
apartment,262440.91,0.0,100.0,Distrito Federal,19.2963762,-99.1781383
apartment,34831.03,0.0,54.0,Distrito Federal,19.342083,-99.0532159
apartment,115937.75,0.0,60.0,Distrito Federal,19.4327514,-99.1517197
house,158059.45,328.0,207.0,Quintana Roo,20.6248067308,-87.088137567
house,471655.85,988.0,621.0,Quintana Roo,21.082655,-86.857162
apartment,28984.43,64.0,64.0,Quintana Roo,21.158964,-86.845937
house,94858.16,136.0,200.0,Quintana Roo,21.1340628,-86.8526161
apartment,63238.77,88.0,88.0,Distrito Federal,19.516777,-99.160149
store,315000.0,300.0,136.0,Quintana Roo,20.8493562787,-86.8756813999
apartment,316193.86,0.0,120.0,Distrito Federal,19.4195256,-99.162549
apartment,110825.95,0.0,65.0,Distrito Federal,19.3794059,-99.1591446
apartment,79029.72,91.0,91.0,Distrito Federal,19.4503249,-99.1351802
apartment,189382.2,0.0,146.0,Quintana Roo,21.145283,-86.822662
house,168636.73,182.0,261.0,Distrito Federal,19.3028822,-99.1366219
house,806294.36,355.0,348.0,Distrito Federal,19.3214747362,-99.2309335247
apartment,313558.92,0.0,137.0,Distrito Federal,19.3302564,-99.2575527
apartment,240250.36,115.0,115.0,Distrito Federal,19.4024797,-99.1565217
house,142287.24,160.0,178.0,Quintana Roo,21.1773905,-86.8179817
apartment,82138.73,0.0,63.0,Distrito Federal,19.2990233,-99.0436467
house,152827.03,406.0,461.0,Distrito Federal,19.2992988,-99.150598
house,274034.68,420.0,301.0,Quintana Roo,21.139086,-86.84964
house,100075.35,110.0,155.0,Quintana Roo,21.129547,-86.817017
apartment,339908.4,0.0,111.0,Distrito Federal,19.3753973563,-99.1734831344
apartment,163366.83,0.0,80.0,Distrito Federal,19.3499358,-99.2906864
apartment,319830.09,0.0,125.0,Distrito Federal,19.392978,-99.1760298
apartment,183919.43,132.0,125.0,Distrito Federal,19.3737616972,-99.1773503087
house,79029.72,98.0,120.0,Zacatecas,23.634501,-102.552788
apartment,230000.0,0.0,75.0,Quintana Roo,21.1295466,-86.8170132
apartment,78784.97,0.0,0.0,Distrito Federal,19.3612250211,-99.1916245222
apartment,160000.0,88.0,88.0,Quintana Roo,20.626583,-87.078659
store,209165.34,220.0,0.0,Quintana Roo,20.6329489078,-87.0749400953
house,121207.64,160.0,170.0,Quintana Roo,21.140728704,-86.8384051323
apartment,563879.06,221.0,221.0,Distrito Federal,19.3928136,-99.1738213
house,199154.9,437.0,181.0,Quintana Roo,20.676314354,-87.0433473587
apartment,24768.51,60.0,60.0,Distrito Federal,19.3703924,-99.1249413
apartment,519594.1,285.0,285.0,Distrito Federal,19.392937,-99.263313
apartment,64661.64,0.0,0.0,Distrito Federal,19.2875593,-99.1486122
apartment,155288.07,0.0,74.0,Distrito Federal,19.39365,-99.14769
apartment,265539.87,0.0,0.0,Distrito Federal,19.4432263,-99.2028656
house,1800000.0,820.0,1360.0,Distrito Federal,19.3931419,-99.2597205
apartment,463641.05,0.0,220.0,Distrito Federal,19.390415,-99.254997
house,281482.76,450.0,565.0,Quintana Roo,21.166525,-86.821495
apartment,277038.52,0.0,203.0,Quintana Roo,21.158964,-86.845937
apartment,94858.16,62.0,62.0,Distrito Federal,19.3847719,-99.1664667
apartment,326733.66,133.0,133.0,Distrito Federal,19.3036292,-99.2239303
apartment,26349.48,43.0,43.0,Distrito Federal,19.4292489747,-99.0636818111
apartment,121178.91,70.0,70.0,Distrito Federal,19.3845952529,-99.1984791771
house,420000.0,263.0,268.0,Quintana Roo,20.613375,-87.089897
apartment,1700000.0,424.0,414.0,Distrito Federal,19.392937,-99.263313
apartment,3950000.0,0.0,1300.0,Distrito Federal,19.402315,-99.225042
apartment,500000.0,0.0,340.0,Quintana Roo,21.1652832513,-86.8136816022
apartment,125843.0,0.0,68.0,Quintana Roo,21.129547,-86.817017
house,287209.43,280.0,290.0,Distrito Federal,19.3434226,-99.1359301
store,88534.28,294.0,160.0,Quintana Roo,21.192402,-86.834587
apartment,474178.35,2000.0,260.0,Quintana Roo,21.1400687,-86.8424262
apartment,995000.0,0.0,331.0,Distrito Federal,19.4095028,-99.2272939
house,121178.91,214.0,160.0,Quintana Roo,20.6773181299,-87.0512866974
house,549000.0,415.0,320.0,Solidaridad,20.626583,-87.078659
apartment,43202.91,80.0,80.0,Distrito Federal,19.487856,-99.0909786
apartment,137017.34,0.0,154.0,Quintana Roo,21.1983978,-86.826621
apartment,700000.0,0.0,236.0,Quintana Roo,21.0979898233,-86.7645008595
apartment,22912.19,13.0,51.0,Distrito Federal,19.342083,-99.0532159
apartment,158096.93,230.0,230.0,Quintana Roo,21.1902642,-86.8198375
apartment,51381.5,0.0,75.0,Distrito Federal,19.4302678,-99.1373136
apartment,168596.74,0.0,78.0,Distrito Federal,19.3499358,-99.2906864
apartment,720000.0,160.0,160.0,Distrito Federal,19.2464696,-99.1013498
apartment,436000.0,120.0,83.0,Quintana Roo,20.6345714787,-87.0665431023
apartment,194000.0,62.0,59.0,Quintana Roo,20.6323624968,-87.0735168534
apartment,105397.95,72.0,72.0,Distrito Federal,19.3776513,-99.1284592
apartment,360000.0,250.0,250.0,Quintana Roo,21.203037,-86.806343
apartment,310923.97,0.0,309.0,Quintana Roo,21.158964,-86.845937
apartment,35185.34,72.0,72.0,Distrito Federal,19.442791,-99.124128
house,2600000.0,738.0,800.0,Distrito Federal,19.368239479,-99.2512178421
apartment,530000.0,0.0,250.0,Quintana Roo,21.1321482,-86.8601348
house,46902.09,110.0,135.0,Quintana Roo,21.1358569342,-86.8371164917
apartment,47499.69,0.0,69.0,Quintana Roo,20.6539886626,-87.087635994
house,150192.08,330.0,190.0,Distrito Federal,19.2606652672,-99.0232535452
apartment,156750.0,80.0,77.0,Quintana Roo,20.6238429,-87.0846239
house,202673.0,200.0,153.0,Quintana Roo,20.913662272,-86.8744432926
apartment,420000.0,145.0,145.0,Distrito Federal,19.420166,-99.220367
apartment,337273.46,110.0,110.0,Distrito Federal,19.3445052,-99.2738167
apartment,289844.37,156.0,156.0,Distrito Federal,19.3631419,-99.2880597
house,65873.72,159.0,187.0,Quintana Roo,21.137991,-86.870964
apartment,135027.0,0.0,75.0,Quintana Roo,21.129547,-86.817017
apartment,215000.0,65.0,65.0,Solidaridad,21.134224,-86.827522
apartment,3000000.0,749.0,482.0,Quintana Roo,21.1470186868,-86.7890967686
house,135057.59,160.0,180.0,Quintana Roo,21.111965,-86.852333
house,763954.01,360.0,380.0,Distrito Federal,19.3412635,-99.2585662
house,3500000.0,1265.0,1500.0,Distrito Federal,19.420166,-99.220367
apartment,89482.86,65.0,65.0,Quintana Roo,20.6194371076,-87.0861808956
apartment,44794.13,0.0,0.0,Distrito Federal,19.3850289,-99.1944048
apartment,450000.0,0.0,223.0,Quintana Roo,21.0906563,-86.7717484
apartment,600000.0,0.0,215.0,Quintana Roo,21.1348471,-86.8720579
house,579688.75,750.0,690.0,Quintana Roo,21.1521359683,-86.8196618557
apartment,526812.37,190.0,178.0,Distrito Federal,19.347138,-99.2561697
house,69562.65,91.0,89.0,Distrito Federal,19.3566903,-99.2304104
apartment,117735.94,0.0,62.0,Distrito Federal,19.4306069,-99.0949899
apartment,359000.0,145.0,115.0,Quintana Roo,20.6353700424,-87.0614790916
apartment,1500000.0,0.0,450.0,Distrito Federal,19.3843018,-99.2656696
apartment,420000.0,115.0,115.0,Quintana Roo,20.6312103676,-87.0664519072
apartment,432342.41,0.0,198.0,Distrito Federal,19.3815495,-99.1694434
apartment,152827.03,0.0,170.0,Distrito Federal,19.2790911,-99.2114234
apartment,563615.57,300.0,220.0,Distrito Federal,19.3594791,-99.2707271
apartment,450000.0,177.0,177.0,Quintana Roo,20.6596822,-87.0555566
apartment,295114.27,0.0,220.0,Distrito Federal,19.4149803,-99.1774462
house,150156.47,206.0,240.0,Distrito Federal,19.2765113,-99.1900871
apartment,19581.61,44.0,44.0,Distrito Federal,19.301659,-99.041011
apartment,21074.59,43.0,43.0,Distrito Federal,19.3245518,-99.0419068
house,131220.45,122.0,196.0,Quintana Roo,21.082655,-86.857162
house,2187007.59,1508.0,1106.0,Distrito Federal,19.331967025,-99.2575089633
apartment,52574.87,83.0,83.0,Distrito Federal,19.342083,-99.0532159
house,187037.01,270.0,270.0,Quintana Roo,21.129547,-86.817017
house,430000.0,488.0,245.0,Quintana Roo,20.613375,-87.089897
store,115937.75,67.0,67.0,Distrito Federal,19.3143023856,-99.2424845695
apartment,147522.15,217.0,217.0,Distrito Federal,19.5290566,-99.1359301
apartment,33787.84,0.0,79.0,Distrito Federal,19.4594892,-99.1221422
store,250000.0,0.0,66.0,Quintana Roo,20.6288922117,-87.0702452213
house,395000.0,980.0,340.0,Quintana Roo,21.1014804825,-86.8418882793
apartment,157000.0,0.0,0.0,Solidaridad,20.626583,-87.078659
apartment,455846.16,190.0,190.0,Distrito Federal,19.430456,-99.1889121
apartment,3500000.0,4000.0,1300.0,Quintana Roo,21.161908,-86.8515279
apartment,84318.36,155.0,124.0,Quintana Roo,21.149204,-86.833328
apartment,131189.34,103.0,82.0,Distrito Federal,19.3018442,-99.140989
house,627117.84,330.0,360.0,Distrito Federal,19.353813,-99.163605
house,131716.2,200.0,360.0,Distrito Federal,19.496761,-99.075081
apartment,621788.0,180.0,125.0,Quintana Roo,20.6362984435,-87.065320015
apartment,118572.7,80.0,80.0,Distrito Federal,19.4809432,-99.1274918
apartment,205526.01,125.0,125.0,Distrito Federal,19.3349552,-99.2233579
apartment,288526.9,0.0,190.0,Quintana Roo,21.129547,-86.817017
apartment,168596.74,91.0,91.0,Quintana Roo,21.129547,-86.817017
apartment,29212.28,57.0,57.0,Distrito Federal,19.342083,-99.0532159
house,670000.0,400.0,415.0,Quintana Roo,20.6112630681,-87.0967032015
house,421591.82,573.0,512.0,Distrito Federal,19.5051701,-99.1260113
apartment,168636.73,100.0,100.0,Quintana Roo,20.6766006601,-87.0375967009
apartment,121207.64,0.0,53.0,Distrito Federal,19.382059,-99.2156059
apartment,270000.0,52.0,52.0,Quintana Roo,20.630901,-87.069916
house,250320.14,280.0,270.0,Quintana Roo,21.1138993,-86.8443431
apartment,45584.61,55.0,62.0,Distrito Federal,19.4126915168,-99.1277845949
house,458481.11,478.0,502.0,Quintana Roo,21.158964,-86.845937
apartment,163366.83,0.0,80.0,Distrito Federal,19.3499358,-99.2906864
apartment,1190000.0,0.0,162.0,Distrito Federal,19.4316766,-99.2001362
apartment,650000.0,0.0,0.0,Quintana Roo,21.1043659,-86.7644486
apartment,204054.75,98.0,98.0,Distrito Federal,19.3680133,-99.1621111
apartment,345000.0,90.0,79.0,Quintana Roo,20.6317801803,-87.0696544647
apartment,89588.26,86.0,86.0,Distrito Federal,19.381729,-99.164986
apartment,36880.53,90.0,54.0,Distrito Federal,19.4285813,-99.0609099
apartment,131747.44,100.0,120.0,Distrito Federal,19.5029542,-99.122192
house,51105.88,92.0,90.0,Quintana Roo,20.6647579056,-87.0624379814
house,198891.47,200.0,224.0,Distrito Federal,19.2926091476,-99.1084470754
apartment,360000.0,0.0,125.0,Solidaridad,20.626583,-87.078659
apartment,54166.48,0.0,61.0,Distrito Federal,19.2990233,-99.0436467
apartment,195000.0,0.0,134.0,Quintana Roo,20.65593,-87.05368
apartment,801000.0,178.0,178.0,Distrito Federal,19.4330857,-99.2005645
store,36889.28,220.0,0.0,Quintana Roo,20.648594,-87.059929
house,252955.09,391.0,600.0,Quintana Roo,21.1166104566,-86.8428039551
apartment,999000.0,0.0,282.0,Quintana Roo,21.1674843565,-86.809829235
apartment,549000.0,183.0,183.0,Quintana Roo,21.1120865975,-86.7680883408
apartment,326656.19,144.0,144.0,Distrito Federal,19.3447,-99.212753
apartment,711436.2,0.0,265.0,Distrito Federal,19.390415,-99.254997
house,790000.0,400.0,300.0,Distrito Federal,19.3266422705,-99.2443878653
apartment,447941.31,0.0,140.0,Distrito Federal,19.409369,-99.171906
apartment,102763.0,70.0,70.0,Distrito Federal,19.3934821,-99.137825
apartment,750000.0,360.0,360.0,Distrito Federal,19.3631419,-99.2880597
apartment,17096.76,42.0,42.0,Distrito Federal,19.4468231,-99.1303962
house,147557.13,140.0,300.0,Distrito Federal,19.3158372,-99.2518829
apartment,160909.37,0.0,137.0,Quintana Roo,21.1109415986,-86.8538246176
apartment,386283.5,256.0,234.0,Distrito Federal,19.394073,-99.153915
house,117518.72,170.0,200.0,Distrito Federal,19.3338384077,-99.0586721712
house,220000.0,336.0,157.0,Quintana Roo,21.1935231,-86.8063267
apartment,289000.0,134.0,66.0,Solidaridad,20.626583,-87.078659
house,68508.67,315.0,135.0,Quintana Roo,21.0812325806,-86.8437652336
apartment,450000.0,12000.0,170.0,Quintana Roo,20.8988089122,-86.8531680107
apartment,163328.09,0.0,80.0,Distrito Federal,19.3499358,-99.2906864
house,109587.88,110.0,170.0,Quintana Roo,21.0974827988,-86.8694972992
house,158096.93,217.0,200.0,Distrito Federal,19.2430738,-99.0862727
house,200208.63,140.0,200.0,Quintana Roo,21.158964,-86.845937
house,1600000.0,525.0,450.0,Distrito Federal,19.346523,-99.191292
house,320000.0,0.0,99.0,Solidaridad,20.6313521934,-87.0688196272
house,600000.0,600.0,300.0,Quintana Roo,20.503029,-87.222649
house,110667.85,166.0,219.0,Quintana Roo,21.129547,-86.817017
apartment,50064.02,35.0,0.0,Quintana Roo,20.620501508,-87.0866958797
house,289775.66,350.0,0.0,Distrito Federal,19.464928,-99.180214
apartment,189671.34,0.0,110.0,Quintana Roo,21.129547,-86.817017
house,447941.31,323.0,574.0,Distrito Federal,19.4729125,-99.1232228
apartment,238710.0,104.0,104.0,Quintana Roo,20.3854202485,-87.3351425617
house,890085.74,600.0,700.0,Distrito Federal,19.390415,-99.254997
house,56387.9,40.0,78.0,Distrito Federal,19.3882538227,-99.2046627402
house,850000.0,1890.0,875.0,Distrito Federal,19.401079,-99.24807
house,392000.0,500.0,327.0,Quintana Roo,20.664374,-87.0675919
house,447941.31,208.0,334.0,Distrito Federal,19.39365,-99.14769
apartment,229240.55,166.0,166.0,Distrito Federal,19.3810000272,-99.2948520184
house,194617.32,124.0,175.0,Distrito Federal,19.3794059,-99.1591446
apartment,140056.47,0.0,83.0,Distrito Federal,19.341894,-99.224525
apartment,171113.58,0.0,96.0,Distrito Federal,19.341894,-99.224525
house,181811.47,180.0,217.0,Quintana Roo,21.139086,-86.84964
apartment,520000.0,209.0,209.0,Distrito Federal,19.4340199,-99.1956012
apartment,922232.11,189.0,189.0,Distrito Federal,19.432566,-99.1926314
house,77678.29,540.0,350.0,Distrito Federal,19.4109376,-99.0826336
house,990000.0,0.0,700.0,Quintana Roo,21.1347621,-86.7461357
house,850000.0,470.0,450.0,Quintana Roo,21.1123668405,-86.7631530762
apartment,150192.08,107.0,107.0,Quintana Roo,21.1457352,-86.8220527
house,216525.2,300.0,340.0,Quintana Roo,21.145512,-86.833321
house,189716.32,312.0,300.0,Quintana Roo,20.6483582,-87.0588966
house,1475571.38,4000.0,552.0,Distrito Federal,19.267261,-99.146568
apartment,168636.73,90.0,90.0,Distrito Federal,19.3701781,-99.1893281
house,2250000.0,755.0,1400.0,Distrito Federal,19.401079,-99.24807
apartment,1185015.0,0.0,252.0,Distrito Federal,19.3655578,-99.1801033
apartment,160050.0,80.0,77.0,Quintana Roo,20.6238429,-87.0846239
house,134382.39,0.0,0.0,Quintana Roo,21.180864,-86.85466
house,105397.95,122.0,165.0,Distrito Federal,19.310879,-99.138695
apartment,213216.9,100.0,100.0,Distrito Federal,19.4032833,-99.1821858
apartment,316193.86,0.0,144.0,Distrito Federal,19.392937,-99.263313
apartment,130988.58,98.0,98.0,Distrito Federal,19.2790911,-99.2114234
apartment,340000.0,0.0,173.0,Quintana Roo,21.129547,-86.817017
house,167582.75,300.0,280.0,Quintana Roo,21.1722334,-86.8256945
apartment,240000.0,0.0,0.0,Quintana Roo,20.626583,-87.078659
apartment,211008.55,134.0,134.0,Quintana Roo,21.129547,-86.817017
apartment,447941.31,242.0,220.0,Distrito Federal,19.381729,-99.164986
house,242357.82,282.0,297.0,Quintana Roo,21.129547,-86.817017
apartment,179176.52,85.0,85.0,Distrito Federal,19.3320226,-99.2446842
apartment,1900000.0,0.0,740.0,Distrito Federal,19.3631419,-99.2880597
apartment,34246.21,39.0,59.0,Distrito Federal,19.524143,-99.160149
apartment,276000.0,0.0,90.0,Quintana Roo,20.626583,-87.078659
house,147557.13,360.0,360.0,Quintana Roo,21.1321847,-86.8630984
apartment,399133.83,0.0,203.0,Quintana Roo,21.1903799,-86.8190064
apartment,410954.57,0.0,225.0,Distrito Federal,19.4101579796,-99.1711270809
house,2500000.0,650.0,750.0,Quintana Roo,21.166843,-86.812592
apartment,1100000.0,176.0,176.0,Distrito Federal,19.4332386,-99.1933503
apartment,151296.98,135.0,54.0,Distrito Federal,19.3638234,-99.1444714
house,210745.93,68.0,200.0,Distrito Federal,19.318989,-99.094437
store,375849.11,42.0,710.0,Distrito Federal,19.418058,-99.131088
apartment,455000.0,245.0,245.0,Quintana Roo,20.3827686962,-87.335145851
house,111721.83,162.0,130.0,Distrito Federal,19.3453464837,-99.276464805
apartment,81683.41,40.0,40.0,Distrito Federal,19.365597,-99.236298
apartment,38206.75,68.0,68.0,Distrito Federal,19.4306069,-99.0949899
apartment,440000.0,0.0,124.0,Quintana Roo,20.626583,-87.078659
apartment,447941.31,140.0,140.0,Quintana Roo,18.5001889,-88.296146
house,155688.55,180.0,182.0,Quintana Roo,20.626583,-87.078659
house,3250000.0,1250.0,477.0,Quintana Roo,20.8482492,-86.876106
house,449000.0,283.0,282.0,Quintana Roo,20.613375,-87.089897
house,226551.88,293.0,340.0,Quintana Roo,21.11104569,-86.8431043625
apartment,43176.57,92.0,63.0,Distrito Federal,19.308076,-99.167762
apartment,55847.67,0.0,0.0,Distrito Federal,19.4655149244,-99.1627183557
apartment,480000.0,223.0,0.0,Quintana Roo,20.4310062,-86.9080654
apartment,165435.55,100.0,100.0,Distrito Federal,19.3605334,-99.2267067
house,226551.88,164.0,283.0,Quintana Roo,21.161908,-86.8515279
apartment,360000.0,216.0,216.0,Quintana Roo,21.1695253521,-86.8185997009
apartment,181811.47,0.0,87.0,Distrito Federal,19.400249,-99.177444
house,326733.66,450.0,200.0,Distrito Federal,19.3989861655,-99.1061210632
apartment,350000.0,200.0,1802.0,Quintana Roo,21.0920919944,-86.7700412137
house,295000.0,322.0,270.0,Quintana Roo,20.6229993052,-87.09972471
apartment,211059.4,0.0,101.0,Distrito Federal,19.3668017,-99.1724994
apartment,114818.32,0.0,60.0,Distrito Federal,19.4306069,-99.0949899
house,552812.28,140.0,280.0,Distrito Federal,19.3524729736,-99.1822012514
apartment,290000.0,153.0,75.0,Quintana Roo,20.6295586,-87.0738851
house,237145.4,200.0,250.0,Distrito Federal,19.3037355,-99.1636051
apartment,1150000.0,0.0,257.0,Distrito Federal,19.392937,-99.263313
apartment,520522.86,243.0,144.0,Distrito Federal,19.4201028,-99.1712969
apartment,100000.0,96.0,96.0,Solidaridad,20.6263935658,-87.0932822227
apartment,18233.84,55.0,55.0,Quintana Roo,21.151917,-86.899796
apartment,29212.28,57.0,57.0,Distrito Federal,19.3217152,-99.2645126
apartment,272000.0,0.0,175.0,Quintana Roo,21.129547,-86.817017
apartment,185000.0,120.0,120.0,Quintana Roo,20.4996975,-87.2298974
house,2200000.0,998.0,750.0,Distrito Federal,19.3960473,-99.2529911
apartment,35247.25,0.0,0.0,Distrito Federal,19.4179232,-99.1483827
house,23714.54,56.0,56.0,Distrito Federal,19.342083,-99.0532159
house,142253.5,220.0,0.0,Quintana Roo,20.6438139638,-87.0615160677
store,40000.0,0.0,0.0,Quintana Roo,21.129547,-86.817017
apartment,895882.62,0.0,387.0,Distrito Federal,19.3548816594,-99.2691159161
house,197621.16,200.0,300.0,Quintana Roo,21.129547,-86.817017
apartment,2800000.0,0.0,450.0,Distrito Federal,19.390415,-99.254997
apartment,70089.64,73.0,0.0,Distrito Federal,19.4445835,-99.1746778
apartment,558609.16,0.0,241.0,Distrito Federal,19.3585224004,-99.2721176147
apartment,324098.71,172.0,172.0,Distrito Federal,19.3499706,-99.3014315
house,3800000.0,1650.0,1112.0,Quintana Roo,21.1334516,-86.8450424
apartment,657303.92,185.0,185.0,Distrito Federal,19.433173,-99.1863574
house,460000.0,1000.0,550.0,Quintana Roo,21.158964,-86.845937
apartment,54949.68,0.0,69.0,Distrito Federal,19.2990233,-99.0436467
apartment,43202.91,91.0,91.0,Distrito Federal,19.309208,-99.171906
apartment,680000.0,0.0,235.0,Quintana Roo,21.1613612009,-86.8090295792
apartment,108913.49,81.0,65.0,Distrito Federal,19.3679526,-99.2983107
apartment,3300000.0,700.0,740.0,Distrito Federal,19.3770400205,-99.2793354392
house,158059.45,0.0,0.0,Distrito Federal,19.2476258059,-99.1310119629
house,36889.28,90.0,86.0,Quintana Roo,21.1391367113,-86.8789560296
house,480000.0,300.0,398.0,Quintana Roo,21.1334564148,-86.7593078624
apartment,297000.0,99.0,74.0,Quintana Roo,20.6348124517,-87.0665216446
apartment,2200000.0,431.0,431.0,Quintana Roo,21.0414159439,-86.7823188007
house,1500000.0,7500.0,500.0,Quintana Roo,21.082655,-86.857162
house,900000.0,0.0,450.0,Quintana Roo,21.1295466,-86.8170132
apartment,507107.4,237.0,237.0,Distrito Federal,19.4372822,-99.2124468
house,442566.46,400.0,280.0,Quintana Roo,21.1353171,-86.8607521
house,589000.0,480.0,320.0,Quintana Roo,20.613375,-87.089897
house,46306.15,81.0,137.0,Distrito Federal,19.452751,-99.056419
apartment,374074.03,118.0,118.0,Distrito Federal,19.4280794,-99.164609
house,418956.87,564.0,432.0,Quintana Roo,21.139086,-86.84964
house,115937.75,120.0,141.0,Distrito Federal,19.3147961,-99.1193297
apartment,20194.72,25.0,47.0,Distrito Federal,19.342083,-99.0532159
house,1501564.78,582.0,532.0,Distrito Federal,19.40403,-99.233528
apartment,50052.15,56.0,56.0,Distrito Federal,19.3707909,-99.1370465
apartment,184402.69,208.0,208.0,Distrito Federal,19.4673105,-99.1331631
house,279304.58,206.0,250.0,Distrito Federal,19.500746256,-99.1243748367
house,321387.55,554.0,344.0,Quintana Roo,20.6779215222,-87.0495788548
apartment,544778.24,188.0,188.0,Distrito Federal,19.4347155,-99.1699933
apartment,13119.41,143.0,109.0,Quintana Roo,20.2114185,-87.4653502
apartment,197621.16,0.0,135.0,Quintana Roo,21.1481685414,-86.8223842978
apartment,650000.0,225.0,225.0,Quintana Roo,20.8420429,-86.8815941
house,184446.42,250.0,285.0,Quintana Roo,21.1550030554,-86.8272287212
store,75000.0,45.0,45.0,Quintana Roo,20.4904215009,-86.9665288925
apartment,149734.98,0.0,79.0,Distrito Federal,19.3670983,-99.1624422
apartment,279238.36,168.0,168.0,Distrito Federal,19.3341208717,-99.2402824759
apartment,252955.09,0.0,87.0,Distrito Federal,19.4396219801,-99.1828966141
house,97493.1,108.0,150.0,Distrito Federal,19.3242755,-99.1225852
apartment,999000.0,246.0,246.0,Quintana Roo,21.1659502547,-86.8136043538
apartment,39524.23,62.0,62.0,Distrito Federal,19.431252,-99.146999
apartment,215000.0,0.0,158.0,Quintana Roo,21.1902642,-86.8198375
house,474290.8,800.0,470.0,Quintana Roo,21.158964,-86.845937
house,320000.0,0.0,197.0,Quintana Roo,21.1295466,-86.8170132
house,144922.18,160.0,187.0,Quintana Roo,21.139086,-86.84964
apartment,255590.04,113.0,0.0,Distrito Federal,19.394073,-99.153915
house,168636.73,90.0,130.0,Quintana Roo,20.63163961,-87.0712423325
house,92201.34,380.0,280.0,Quintana Roo,21.137991,-86.870964
house,342543.35,497.0,250.0,Quintana Roo,21.106783,-86.839918
house,139619.18,300.0,200.0,Distrito Federal,19.3733020916,-99.2110426545
house,632387.73,500.0,499.0,Distrito Federal,19.3776045,-99.2730736
apartment,166528.77,0.0,144.0,Quintana Roo,21.1902642,-86.8198375
apartment,269818.76,143.0,139.0,Distrito Federal,19.4025564,-99.1461089
house,363536.73,1000.0,450.0,Quintana Roo,21.1166104566,-86.8427503109
apartment,176014.58,227.0,227.0,Quintana Roo,21.129547,-86.817017
apartment,535368.91,0.0,220.0,Distrito Federal,19.552402,-99.142799
house,223970.65,480.0,330.0,Quintana Roo,21.0969863,-86.8519605
apartment,63238.77,80.0,80.0,Quintana Roo,21.161908,-86.8515279
apartment,579688.75,0.0,315.0,Distrito Federal,19.4259971,-99.224352
apartment,463751.0,235.0,235.0,Distrito Federal,19.4301322,-99.1691413
house,27930.45,76.0,75.0,Quintana Roo,21.1368860594,-86.8843138218
apartment,432131.62,0.0,261.0,Distrito Federal,19.3774517,-99.1641013
apartment,128000.0,1000.0,100.0,Solidaridad,20.6295586,-87.0738851
apartment,218486.8,100.0,100.0,Distrito Federal,19.4032833,-99.1821858
apartment,445000.0,0.0,0.0,Quintana Roo,21.1043659,-86.7644486
apartment,68350.57,55.0,55.0,Distrito Federal,19.4546836,-99.1933664
apartment,313242.72,215.0,215.0,Distrito Federal,19.3606908,-99.2023662
house,333057.54,526.0,306.0,Distrito Federal,19.3415372,-99.1587613
house,1150000.0,0.0,600.0,Distrito Federal,19.390415,-99.254997
apartment,136564.13,0.0,60.0,Distrito Federal,19.3598088,-99.1488603
house,1500000.0,0.0,915.0,Distrito Federal,19.3451266,-99.3092749
apartment,284574.48,0.0,133.0,Distrito Federal,19.3609365412,-99.1633604933
house,801024.46,0.0,0.0,Distrito Federal,19.3513354386,-99.1663956642
apartment,41105.2,59.0,59.0,Distrito Federal,19.4661858,-99.1545368
house,194986.21,160.0,180.0,Distrito Federal,19.3465206,-99.2349122
apartment,354000.0,0.0,90.0,Solidaridad,20.626583,-87.078659
house,850000.0,0.0,500.0,Quintana Roo,21.1295466,-86.8170132
house,134382.39,118.0,118.0,Quintana Roo,20.6786832545,-87.0390343666
apartment,226605.6,0.0,123.0,Distrito Federal,19.4001854,-99.1729456
house,44794.13,0.0,120.0,Quintana Roo,21.129547,-86.817017
apartment,184446.42,0.0,0.0,Distrito Federal,19.3842639,-99.1491311
apartment,1902432.0,346.0,346.0,Distrito Federal,19.4338054,-99.1922219
apartment,720000.0,0.0,0.0,Quintana Roo,21.1295466,-86.8170132
house,103816.98,120.0,168.0,Quintana Roo,21.129547,-86.817017
house,139619.18,160.0,180.0,Quintana Roo,21.129547,-86.817017
apartment,800000.0,0.0,525.0,Distrito Federal,19.393217809,-99.2502351478
house,549000.0,415.0,320.0,Quintana Roo,20.613375,-87.089897
house,469020.9,540.0,545.0,Quintana Roo,21.139086,-86.84964
apartment,45837.24,70.0,70.0,Distrito Federal,19.444606,-99.1740457
house,131747.44,120.0,205.0,Quintana Roo,21.129547,-86.817017
house,89567.02,73.0,127.0,Quintana Roo,21.139086,-86.84964
apartment,113566.29,0.0,60.0,Distrito Federal,19.3736979,-99.1933122
apartment,54933.04,0.0,69.0,Distrito Federal,19.2990233,-99.0436467
apartment,30038.41,52.0,52.0,Quintana Roo,20.6612167636,-87.0956611633
apartment,250000.0,131.0,113.0,Quintana Roo,20.1997998,-87.454707
house,495000.0,342.0,315.0,Quintana Roo,21.1295466,-86.8170132
apartment,295000.0,124.0,124.0,Quintana Roo,20.65593,-87.05368
apartment,418956.87,1000.0,120.0,Distrito Federal,19.443178,-99.20237
apartment,240619.17,107.0,107.0,Distrito Federal,19.3814836,-99.1654942
house,139652.29,180.0,278.0,Distrito Federal,19.3651763,-99.2300641
house,1844026.93,1300.0,820.0,Distrito Federal,19.4104149313,-99.2419586651
apartment,147557.13,0.0,80.0,Distrito Federal,19.3499358,-99.2906864
house,50064.02,0.0,0.0,Quintana Roo,21.1371382,-86.864261
house,347813.25,209.0,200.0,Distrito Federal,19.301781,-99.20237
house,2150000.0,747.0,880.0,Distrito Federal,19.3964084,-99.2436829
house,450000.0,1000.0,0.0,Quintana Roo,20.613375,-87.089897
house,700000.0,352.0,352.0,Quintana Roo,21.129547,-86.817017
house,316118.9,263.0,276.0,Distrito Federal,19.2908179,-99.1348925
house,1106416.15,430.0,400.0,Distrito Federal,19.4167368,-99.2323872
house,579688.75,170.0,257.0,Distrito Federal,19.353813,-99.163605
house,948356.7,413.0,0.0,Distrito Federal,19.27898,-99.165337
house,3200000.0,1138.0,848.0,Quintana Roo,21.1857344,-86.8092875
house,110641.61,75.0,75.0,Distrito Federal,19.3605334,-99.2267067
apartment,135035.86,0.0,70.0,Distrito Federal,19.3670983,-99.1624422
house,142253.5,300.0,250.0,Quintana Roo,21.1652032105,-86.8215742707
house,421491.87,1200.0,380.0,Quintana Roo,20.503029,-87.222649
house,347813.25,0.0,250.0,Distrito Federal,19.33923,-99.218987
house,411052.02,299.0,557.0,Distrito Federal,19.4175391,-99.1362959
house,1000000.0,315.0,460.0,Distrito Federal,19.390415,-99.254997
apartment,1350500.0,0.0,189.0,Quintana Roo,20.6549524292,-87.0474243164
apartment,225520.8,163.0,163.0,Distrito Federal,19.375412,-99.144234
house,123388.43,148.0,198.0,Distrito Federal,19.284672,-99.220367
apartment,303782.83,130.0,121.0,Distrito Federal,19.394358,-99.177444
apartment,1500000.0,215.0,215.0,Distrito Federal,19.4284926629,-99.1900420189
apartment,54949.68,0.0,69.0,Distrito Federal,19.2990233,-99.0436467
apartment,152099.45,0.0,61.0,Distrito Federal,19.4306069,-99.0949899
house,230000.0,250.0,229.0,Quintana Roo,20.6295586,-87.0738851
apartment,67191.19,0.0,100.0,Distrito Federal,19.3340701,-99.0712814
apartment,380000.0,194.0,194.0,Quintana Roo,20.6367803837,-87.0686781406
apartment,276604.03,0.0,0.0,Distrito Federal,19.394358,-99.177444
house,342543.35,500.0,320.0,Distrito Federal,19.5037607,-99.1326011
apartment,75783.82,82.0,70.0,Distrito Federal,19.512787,-99.141393
house,94572.23,160.0,0.0,Quintana Roo,21.139271,-86.859673
house,447941.31,620.0,450.0,Quintana Roo,21.1079429417,-86.8517813087
apartment,590000.0,6090.0,330.0,Quintana Roo,21.161908,-86.8515279
house,349000.0,336.0,211.0,Quintana Roo,20.6127599762,-87.0955448467
apartment,134840.87,97.0,97.0,Quintana Roo,21.1091715377,-86.8412737548
house,632387.73,800.0,680.0,Quintana Roo,21.0713157,-86.852814
house,471655.85,3150.0,540.0,Distrito Federal,19.2466495,-99.1906668
house,447941.31,371.0,373.0,Distrito Federal,19.2782129052,-99.1407001019
apartment,22396.9,0.0,51.0,Distrito Federal,19.3513303772,-99.0816683695
apartment,1200000.0,450.0,400.0,Distrito Federal,19.4344798,-99.1995969
house,1844464.23,1287.0,800.0,Distrito Federal,19.4107308,-99.2397431
apartment,34254.33,60.0,60.0,Distrito Federal,19.524143,-99.160149
apartment,679816.81,0.0,223.0,Distrito Federal,19.376822,-99.174675
house,137017.34,0.0,0.0,Quintana Roo,21.149204,-86.833328
house,869533.13,927.0,491.0,Distrito Federal,19.382275,-99.270241
house,270000.0,0.0,160.0,Quintana Roo,20.621372202,-87.0838422765
house,192351.27,250.0,248.0,Quintana Roo,20.613375,-87.089897
apartment,52698.97,98.0,98.0,Quintana Roo,21.082655,-86.857162
apartment,1400000.0,280.0,280.0,Distrito Federal,19.4282002,-99.1862648
apartment,175972.85,0.0,86.0,Distrito Federal,19.367424,-99.185753
apartment,242415.29,88.0,88.0,Distrito Federal,19.3872626,-99.1754024
house,69878.84,168.0,130.0,Distrito Federal,19.2790911,-99.2114234
house,450000.0,178.0,178.0,Quintana Roo,21.129547,-86.817017
house,61657.8,180.0,160.0,Quintana Roo,21.1466325733,-86.8464303017
house,432131.62,632.0,420.0,Quintana Roo,21.1221503225,-86.8341819538
house,99601.06,0.0,0.0,Quintana Roo,21.1902642,-86.8198375
apartment,119229.96,0.0,62.0,Distrito Federal,19.4306069,-99.0949899
house,695626.51,395.0,764.0,Distrito Federal,19.401079,-99.24807
house,2500000.0,3000.0,800.0,Quintana Roo,20.889977131,-86.8614721298
house,916962.22,304.0,678.0,Distrito Federal,19.355921,-99.180214
house,329000.0,290.0,213.0,Quintana Roo,20.6761035602,-87.0422905684
house,2107959.12,1000.0,1500.0,Distrito Federal,19.3605334,-99.2267067
house,1685967.48,647.0,557.0,Distrito Federal,19.321035,-99.2047356
apartment,260000.0,250.0,110.0,Quintana Roo,20.632658742,-87.0733720064
apartment,104238.57,0.0,105.0,Quintana Roo,21.143755,-86.8612012
apartment,228450.07,179.0,179.0,Quintana Roo,21.129547,-86.817017
house,216856.29,260.0,236.0,Quintana Roo,21.1114360311,-86.8470686674
house,980000.0,741.0,698.0,Distrito Federal,19.401079,-99.24807
apartment,238000.0,0.0,115.0,Quintana Roo,20.2035076138,-87.45647192
house,92223.21,110.0,161.0,Quintana Roo,21.129547,-86.817017
apartment,167582.75,100.0,100.0,Distrito Federal,19.3404477,-99.1297322
house,81683.41,200.0,170.0,Quintana Roo,21.1536213,-86.840701
store,237089.17,467.0,645.0,Distrito Federal,19.3437444,-99.1561883
apartment,292229.0,0.0,331.0,Quintana Roo,21.11058929,-86.8537387843
house,289844.37,932.0,280.0,Distrito Federal,19.1999418,-99.1483827
house,1686367.3,1000.0,1110.0,Distrito Federal,19.4010793,-99.2480728
apartment,424302.13,0.0,180.0,Distrito Federal,19.3627981,-99.2650096
house,136490.35,120.0,207.0,Quintana Roo,21.129547,-86.817017
apartment,420000.0,6090.0,224.0,Quintana Roo,21.1706119,-86.8138431
apartment,150000.0,1000.0,0.0,Quintana Roo,20.6313202,-87.0948868
apartment,142287.24,0.0,64.0,Distrito Federal,19.392937,-99.263313
apartment,201837.08,0.0,84.0,Distrito Federal,19.367424,-99.185753
apartment,358268.08,200.0,0.0,Distrito Federal,19.3900391,-99.2550479
apartment,53399.87,0.0,60.0,Distrito Federal,19.2990233,-99.0436467
apartment,42159.18,61.0,61.0,Distrito Federal,19.4301421,-99.109777
apartment,298776.85,0.0,94.0,Distrito Federal,19.361269,-99.1719297
house,6000000.0,0.0,0.0,Quintana Roo,20.6338485574,-87.0672297478
apartment,255000.0,160.0,60.0,Solidaridad,20.6205688864,-87.0783920284
house,181811.47,189.0,250.0,Quintana Roo,21.1027119116,-86.8629654497
apartment,475000.0,275.0,275.0,Distrito Federal,19.392937,-99.263313
apartment,259584.62,78.0,78.0,Distrito Federal,19.417364,-99.159454
house,76413.51,121.0,168.0,Quintana Roo,21.1456272,-86.8466999
apartment,800000.0,305.0,0.0,Distrito Federal,19.3850122,-99.2539646
house,99864.56,117.0,144.0,Quintana Roo,21.1983978,-86.826621
house,295000.0,0.0,130.0,Quintana Roo,20.1951503595,-87.4699687958
apartment,117089.64,0.0,61.0,Distrito Federal,19.4306069,-99.0949899
apartment,421591.82,140.0,140.0,Distrito Federal,19.4158245484,-99.1765344143
house,450000.0,2800.0,520.0,Quintana Roo,21.139641,-86.879738
apartment,1840298.38,0.0,426.0,Distrito Federal,19.3782794,-99.2768399
house,510000.0,300.0,540.0,Quintana Roo,21.1295466,-86.8170132
apartment,240000.0,91.0,91.0,Quintana Roo,20.6369485603,-87.064100951
apartment,558609.16,0.0,236.0,Distrito Federal,19.390415,-99.254997
apartment,153163.3,0.0,60.0,Distrito Federal,19.3736979,-99.1933122
house,447941.31,10.0,0.0,Quintana Roo,21.139271,-86.859673
apartment,159000.0,0.0,0.0,Solidaridad,20.6350222984,-87.0685000416
house,384702.54,630.0,420.0,Quintana Roo,21.139086,-86.84964
house,2000000.0,640.0,630.0,Distrito Federal,19.271481,-99.175369
apartment,43213.16,80.0,80.0,Distrito Federal,19.381259203,-99.1038592905
apartment,79566.6,0.0,117.0,Distrito Federal,19.2990233,-99.0436467
house,305654.07,285.0,512.0,Distrito Federal,19.3439785,-99.1248628
apartment,285000.0,0.0,180.0,Quintana Roo,20.6314990395,-87.0707702637
house,134382.39,279.0,160.0,Distrito Federal,19.2686525172,-99.1396057606
house,113275.94,110.0,150.0,Quintana Roo,21.139641,-86.879738
house,1106678.54,870.0,800.0,Distrito Federal,19.4468279,-99.1594532
house,92201.34,150.0,120.0,Quintana Roo,20.6194263236,-87.1027529253
apartment,376708.35,117.0,117.0,Distrito Federal,19.417364,-99.159454
apartment,197574.31,0.0,147.0,Quintana Roo,21.129547,-86.817017
house,147557.13,160.0,220.0,Quintana Roo,21.082655,-86.857162
house,453211.21,211.0,300.0,Distrito Federal,19.2976171,-99.1575957
apartment,13171.62,70.0,70.0,Quintana Roo,21.196655,-86.823288
apartment,310000.0,156.0,52.0,Quintana Roo,20.626583,-87.078659
house,760000.0,500.0,480.0,Distrito Federal,19.4037619,-99.2513326
apartment,92201.34,77.0,77.0,Distrito Federal,19.4526892,-99.1179867
house,34254.33,0.0,0.0,Quintana Roo,21.15638,-86.859047
house,450000.0,11.0,1.0,Quintana Roo,21.129547,-86.817017
house,245050.24,200.0,238.0,Distrito Federal,19.3633984,-99.2178363
apartment,350000.0,140.0,140.0,Quintana Roo,21.1219027969,-86.7695245746
apartment,1053979.56,390.0,271.0,Distrito Federal,19.3935344356,-99.2650692265
apartment,7823.94,49.0,49.0,Distrito Federal,19.2833321409,-99.0550169349
apartment,187037.01,0.0,100.0,Distrito Federal,19.33923,-99.218987
apartment,124231.33,83.0,79.0,Distrito Federal,19.3638234,-99.1444714
apartment,1364000.0,200.0,200.0,Distrito Federal,19.4332386,-99.1933503
house,737785.69,302.0,484.0,Distrito Federal,19.3251419,-99.2229219
house,62290.19,121.0,187.0,Distrito Federal,19.428152,-99.106194
apartment,63238.77,82.0,82.0,Distrito Federal,19.378786,-99.208595
apartment,26343.24,41.0,41.0,Distrito Federal,19.380644,-99.179176
apartment,233950.0,59.0,59.0,Quintana Roo,20.626583,-87.078659
apartment,45000.0,72.0,72.0,Quintana Roo,20.5057520556,-86.9545635581
apartment,110000.0,46.0,46.0,Quintana Roo,21.0469806,-86.7826767
house,135430.6,265.0,250.0,Distrito Federal,19.362488,-99.108269
apartment,17917.65,0.0,180.0,Quintana Roo,20.5138888,-87.2394444
house,28984.43,0.0,40.0,Distrito Federal,19.399689,-99.188522
store,94858.16,307.0,155.0,Quintana Roo,21.183158,-86.843106
house,216065.81,0.0,350.0,Quintana Roo,21.139086,-86.84964
house,395242.33,422.0,191.0,Distrito Federal,19.2998407,-99.1927294
house,41105.2,160.0,58.0,Zacatecas,23.634501,-102.552788
house,86953.31,202.0,170.0,Distrito Federal,19.3116278,-99.0477689
apartment,266129.83,103.0,0.0,Distrito Federal,19.382275,-99.270241
apartment,94858.16,0.0,71.0,Distrito Federal,19.3246591,-99.140855
apartment,398000.0,310.0,310.0,Quintana Roo,21.170027,-86.819778
house,58093.5,3300.0,98.0,Distrito Federal,19.4356397539,-99.1176906602
house,6500000.0,1153.0,1293.0,Distrito Federal,19.390415,-99.254997
apartment,152827.03,0.0,78.0,Distrito Federal,19.3499358,-99.2906864
apartment,592358.0,165.0,165.0,Distrito Federal,19.392937,-99.263313
house,254417.11,180.0,230.0,Distrito Federal,19.4731507,-99.1872093
apartment,447835.11,200.0,200.0,Distrito Federal,19.396593,-99.133163
apartment,67981.68,63.0,63.0,Distrito Federal,19.392349,-99.07093
apartment,255590.04,113.0,0.0,Distrito Federal,19.394073,-99.153915
apartment,461643.04,0.0,192.0,Quintana Roo,21.1637632294,-86.8070280868
house,118572.7,229.0,300.0,Distrito Federal,19.4392246682,-99.1584244743
apartment,435540.0,240.0,240.0,Quintana Roo,20.209438,-87.467918
house,287209.43,177.0,391.0,Distrito Federal,19.31782,-99.132469
house,658737.22,300.0,356.0,Distrito Federal,19.353813,-99.163605
apartment,31085.02,0.0,50.0,Distrito Federal,19.3029619922,-99.0406322479
house,35308.31,148.0,100.0,Quintana Roo,21.139641,-86.879738
house,119000.0,0.0,120.0,Quintana Roo,21.1855951,-86.8253327
apartment,26556.62,57.0,57.0,Distrito Federal,19.369418,-99.007392
apartment,28984.43,0.0,92.0,Distrito Federal,19.399689,-99.188522
apartment,114818.32,0.0,60.0,Distrito Federal,19.4306069,-99.0949899
house,316193.86,511.0,450.0,Quintana Roo,21.1088087151,-86.8530794978
apartment,21079.59,40.0,40.0,Distrito Federal,19.3948036,-99.0976808
store,94000.0,0.0,38.0,Quintana Roo,20.614861401,-87.0930056625
apartment,215000.0,119.0,119.0,Quintana Roo,20.5138888,-87.2394444
house,439000.0,0.0,220.0,Quintana Roo,20.6485929,-87.0599282
apartment,250000.0,0.0,124.0,Quintana Roo,21.1295466,-86.8170132
house,106690.12,155.0,120.0,Distrito Federal,19.3451338989,-99.2793830484
apartment,39260.73,21.0,52.0,Distrito Federal,19.4445021981,-99.1660007089
apartment,362305.47,0.0,116.0,Distrito Federal,19.4157341697,-99.155623791
apartment,1100000.0,420.0,420.0,Distrito Federal,19.401079,-99.24807
house,308289.02,300.0,302.0,Quintana Roo,21.1109255848,-86.8388557434
apartment,152827.03,0.0,120.0,Distrito Federal,19.359984,-99.1580693
apartment,365000.0,175.0,175.0,Quintana Roo,20.503029,-87.222649
apartment,199000.0,62.0,52.0,Quintana Roo,20.6323624968,-87.0735168534
apartment,420000.0,0.0,239.0,Quintana Roo,21.1130054,-86.767053
apartment,750000.0,280.0,280.0,Distrito Federal,19.361719,-99.283409
house,700000.0,240.0,400.0,Distrito Federal,19.3981537,-99.2384775
house,252955.09,283.0,289.0,Quintana Roo,21.1136543,-86.8414847
apartment,342462.14,0.0,230.0,Solidaridad,20.6295586,-87.0738851
apartment,437401.51,230.0,230.0,Distrito Federal,19.381729,-99.164986
house,63238.77,104.0,75.0,Distrito Federal,19.4731247,-99.0817321
apartment,611308.14,247.0,247.0,Distrito Federal,19.430456,-99.1889121
apartment,325000.0,220.0,181.0,Quintana Roo,20.2016654,-87.4605774
apartment,222600.39,115.0,115.0,Distrito Federal,19.3023717,-99.167894
apartment,546119.51,241.0,241.0,Distrito Federal,19.3564335,-99.1988448
house,669277.02,400.0,430.0,Distrito Federal,19.305704,-99.182983
apartment,123813.23,0.0,69.0,Distrito Federal,19.3814504,-99.1919122
apartment,1001280.58,0.0,300.0,Distrito Federal,19.4370357,-99.2117591
apartment,249000.0,0.0,178.0,Quintana Roo,20.1997998,-87.454707
house,56914.89,80.0,90.0,Quintana Roo,21.1263792,-86.8353838
house,147522.15,200.0,160.0,Quintana Roo,21.1166981,-86.8423014
house,463156.82,133.0,319.0,Distrito Federal,19.3109757,-99.2426849
apartment,102763.0,0.0,65.0,Distrito Federal,19.3697678418,-99.1392753126
apartment,1000000.0,0.0,256.0,Quintana Roo,21.129547,-86.817017
apartment,168636.73,0.0,80.0,Distrito Federal,19.3033001,-99.2310901
apartment,1200000.0,553.0,553.0,Distrito Federal,19.390415,-99.254997
house,442671.41,147.0,270.0,Distrito Federal,19.3538129,-99.1636051
apartment,165105.89,0.0,74.0,Distrito Federal,19.3807458,-99.1553016
apartment,303783.2,0.0,122.0,Distrito Federal,19.394358,-99.177444
house,28977.56,0.0,0.0,Distrito Federal,19.399689,-99.188522
apartment,286500.0,0.0,0.0,Solidaridad,20.626583,-87.078659
house,289844.37,406.0,326.0,Distrito Federal,19.318155,-99.220718
apartment,118309.2,77.0,77.0,Distrito Federal,19.3723335,-99.1905974
apartment,200256.11,0.0,108.0,Distrito Federal,19.394073,-99.153915
house,1500000.0,500.0,500.0,Quintana Roo,20.6138413521,-87.0809921622
apartment,131716.2,0.0,180.0,Quintana Roo,21.149204,-86.833328
apartment,8693.26,49.0,49.0,Distrito Federal,19.2833726485,-99.0550169349
house,268701.06,252.0,300.0,Distrito Federal,19.365175,-99.230064
apartment,240092.3,221.0,126.0,Benito Juárez,21.0505319674,-86.853179874
apartment,370000.0,216.0,216.0,Quintana Roo,21.1697254482,-86.8195867538
apartment,49638.57,0.0,84.0,Distrito Federal,19.2672863,-99.1659764
apartment,420000.0,200.0,200.0,Quintana Roo,21.129547,-86.817017
house,390000.0,410.0,268.0,Quintana Roo,20.6162363305,-87.0870351791
house,84318.36,108.0,120.0,Quintana Roo,21.1471041,-86.8315128
house,24132.51,37.0,57.0,Distrito Federal,19.354885,-99.0994268
apartment,168636.73,0.0,78.0,Distrito Federal,19.3499358,-99.2906864
apartment,97469.99,0.0,0.0,Quintana Roo,21.143755,-86.8612012
apartment,165962.42,3142.0,170.0,Quintana Roo,21.129547,-86.817017
apartment,187000.0,0.0,66.0,Quintana Roo,20.626583,-87.078659
house,73761.07,122.0,150.0,Quintana Roo,21.129547,-86.817017
house,938041.81,684.0,1028.0,Distrito Federal,19.3605334,-99.2267067
apartment,15148.04,43.0,43.0,Distrito Federal,19.304676,-99.042382
apartment,151073.1,0.0,63.0,Distrito Federal,19.4306069,-99.0949899
apartment,116728.23,0.0,65.0,Distrito Federal,19.39365,-99.14769
apartment,590228.55,0.0,240.0,Distrito Federal,19.390415,-99.254997
apartment,247158.2,126.0,126.0,Distrito Federal,19.331932,-99.246689
apartment,395242.33,162.0,162.0,Distrito Federal,19.4348398,-99.1521771
apartment,395000.0,252.0,252.0,Quintana Roo,21.1665638983,-86.8137559903
apartment,174291.33,0.0,83.0,Distrito Federal,19.3908165,-99.1466355
apartment,340000.0,0.0,140.0,Quintana Roo,21.1158338041,-86.7654833795
house,197621.16,160.0,243.0,Quintana Roo,21.161908,-86.8515279
apartment,500000.0,0.0,230.0,Quintana Roo,21.129547,-86.817017
apartment,1400000.0,280.0,280.0,Distrito Federal,19.4318149,-99.1940586
apartment,280977.01,230.0,115.0,Distrito Federal,19.381729,-99.164986
house,855000.0,505.0,550.0,Distrito Federal,19.4034814,-99.2456791
apartment,94436.56,0.0,58.0,Distrito Federal,19.343979,-99.124863
apartment,579688.75,0.0,180.0,Distrito Federal,19.4336444,-99.1901467
house,150192.08,189.0,105.0,Distrito Federal,19.47517,-99.152534
apartment,29212.28,56.0,56.0,Distrito Federal,19.342083,-99.0532159
apartment,86383.21,0.0,126.0,Distrito Federal,19.2990233,-99.0436467
apartment,199000.0,64.0,54.0,Quintana Roo,20.6325179952,-87.0732887503
house,303019.12,527.0,474.0,Distrito Federal,19.2536688,-99.1726141
apartment,221283.23,0.0,138.0,Distrito Federal,19.382727579,-99.1582889556
apartment,71126.75,0.0,69.0,Distrito Federal,19.4752953603,-99.1893056412
apartment,53399.87,0.0,60.0,Distrito Federal,19.2990233,-99.0436467
apartment,950000.0,240.0,240.0,Distrito Federal,19.430456,-99.1889121
apartment,258224.99,97.0,97.0,Distrito Federal,19.4195256,-99.162549
apartment,210795.91,135.0,120.0,Distrito Federal,19.380747,-99.155304
house,398140.78,0.0,180.0,Distrito Federal,19.3935143,-99.1649891
store,112802.58,139.0,139.0,Quintana Roo,21.129547,-86.817017
house,379432.64,460.0,600.0,Quintana Roo,21.161908,-86.8515279
apartment,89588.26,103.0,0.0,Quintana Roo,21.161908,-86.8515279
house,632387.73,297.0,340.0,Distrito Federal,19.40403,-99.233528
house,507912.75,226.0,226.0,Quintana Roo,21.129547,-86.817017
house,121178.91,121.0,300.0,Distrito Federal,19.358065,-99.093647
store,57955.13,0.0,0.0,Zacatecas,22.3539588,-102.8841199
house,390000.0,80.0,80.0,Quintana Roo,20.6303744711,-87.0694720745
apartment,319178.93,168.0,168.0,Quintana Roo,21.1714531417,-86.8190298602
apartment,368805.38,106.0,106.0,Distrito Federal,19.4374999,-99.1873839
apartment,590000.0,0.0,185.0,Quintana Roo,21.1347621,-86.7461357
apartment,451100.0,208.0,113.0,Quintana Roo,20.626583,-87.078659
apartment,360700.0,105.0,69.0,Quintana Roo,20.626583,-87.078659
house,115937.75,110.0,182.0,Quintana Roo,21.0939597521,-86.8690386415
apartment,658737.22,0.0,258.0,Distrito Federal,19.3605334,-99.2267067
house,57955.13,360.0,150.0,Quintana Roo,20.4996792265,-86.9429984902
house,1580969.34,773.0,515.0,Distrito Federal,19.4064039,-99.1873154
house,175000.0,300.0,173.0,Quintana Roo,20.4310062,-86.9080654
apartment,144387.3,87.0,87.0,Distrito Federal,19.3358468,-99.1479328
apartment,184446.42,115.0,115.0,Distrito Federal,19.3797151,-99.1677132
apartment,105134.46,80.0,80.0,Distrito Federal,19.4068945,-99.1237906
house,63238.77,140.0,100.0,Quintana Roo,21.196472,-86.820439
apartment,128000.0,0.0,0.0,Solidaridad,20.620914,-87.075059
apartment,2000000.0,0.0,450.0,Distrito Federal,19.400524,-99.230064
apartment,38370.12,61.0,61.0,Distrito Federal,19.4597505,-99.2067717
apartment,57955.13,74.0,74.0,Quintana Roo,20.6534856714,-87.0873141276
apartment,73778.56,35.0,35.0,Distrito Federal,19.4535397,-99.1826636
apartment,189663.62,156.0,156.0,Distrito Federal,19.430132,-99.169144
apartment,48483.05,0.0,49.0,Distrito Federal,19.413992,-99.138695
apartment,632387.73,0.0,260.0,Distrito Federal,19.3894263,-99.2651278
apartment,550000.0,350.0,350.0,Quintana Roo,21.161908,-86.8515279
house,86932.69,180.0,147.0,Quintana Roo,21.129547,-86.817017
apartment,19688.33,0.0,0.0,Distrito Federal,19.283388,-99.055038
house,97493.1,155.0,170.0,Distrito Federal,19.343191,-99.02256
apartment,1850000.0,0.0,372.0,Quintana Roo,21.1347621,-86.7461357
apartment,267463.12,0.0,98.0,Distrito Federal,19.387764,-99.176758
house,10000000.0,4500.0,4500.0,Distrito Federal,19.395209,-99.230157
apartment,237145.4,0.0,150.0,Quintana Roo,21.1902642,-86.8198375
house,405000.0,150.0,150.0,Solidaridad,20.6322881778,-87.0662405156
house,76413.51,1088.0,59.0,Distrito Federal,19.3614551,-99.0061546
house,147522.15,150.0,350.0,Distrito Federal,19.4822222,-99.1125
apartment,39514.86,0.0,42.0,Distrito Federal,19.4193702,-99.1119615
house,189716.32,219.0,235.0,Quintana Roo,21.139086,-86.84964
apartment,231612.0,0.0,100.0,Distrito Federal,19.33923,-99.218987
apartment,144922.18,0.0,64.0,Distrito Federal,19.392937,-99.263313
apartment,160000.0,0.0,125.0,Quintana Roo,21.1394428301,-86.8321689963
apartment,190770.3,68.0,68.0,Distrito Federal,19.3872626,-99.1754024
apartment,219199.0,143.0,143.0,Quintana Roo,20.2114185,-87.4653502
apartment,311176.92,88.0,88.0,Distrito Federal,19.3582744,-99.2723517
apartment,1450000.0,0.0,447.0,Distrito Federal,19.401079,-99.24807
house,416321.92,0.0,260.0,Distrito Federal,19.364737,-99.282021
apartment,39524.23,0.0,0.0,Distrito Federal,19.455664,-99.203056
apartment,621847.94,0.0,241.0,Distrito Federal,19.3631419,-99.2880597
house,68492.42,126.0,100.0,Quintana Roo,21.1773904,-86.81798
house,435000.0,312.0,110.0,Quintana Roo,20.6171200028,-87.0826148987
apartment,165000.0,220.0,220.0,Quintana Roo,20.633865501,-87.0771012828
apartment,445200.78,0.0,159.0,Distrito Federal,19.3038226746,-99.2213702202
apartment,113624.79,100.0,100.0,Distrito Federal,19.3906898041,-99.1795009375
house,210795.91,200.0,280.0,Distrito Federal,19.4612738,-99.1214045
apartment,287736.42,165.0,165.0,Distrito Federal,19.334220844,-99.2409738153
apartment,332003.56,300.0,300.0,Quintana Roo,21.1703857634,-86.8150269985
house,225000.0,100.0,100.0,Quintana Roo,21.1363237,-86.7681794
store,163328.09,135.0,469.0,Distrito Federal,19.4356338,-99.1495107
house,1500000.0,7500.0,600.0,Quintana Roo,21.082655,-86.857162
apartment,252955.09,0.0,118.0,Quintana Roo,21.129547,-86.817017
apartment,2950000.0,0.0,795.0,Distrito Federal,19.382275,-99.270241
house,3500000.0,900.0,1000.0,Quintana Roo,21.129547,-86.817017
apartment,1500000.0,316.0,316.0,Distrito Federal,19.3942860307,-99.264868657
house,384702.54,670.0,480.0,Quintana Roo,21.161908,-86.8515279
apartment,204472.03,100.0,100.0,Distrito Federal,19.400249,-99.177444
house,595000.0,324.0,341.0,Quintana Roo,20.8485049,-86.8767656
apartment,169000.0,100.0,109.0,Quintana Roo,20.2002453173,-87.4502599239
apartment,263432.41,110.0,110.0,Distrito Federal,19.3627249,-99.1755287
house,221335.7,235.0,200.0,Distrito Federal,19.301271,-99.139389
apartment,180000.0,118.0,118.0,Solidaridad,20.6360193359,-87.0716017485
house,284574.48,900.0,300.0,Distrito Federal,19.3605334,-99.2267067
apartment,416321.92,134.0,134.0,Distrito Federal,19.3648588111,-99.1634988785
apartment,50901.94,0.0,71.0,Distrito Federal,19.335419,-99.119331
apartment,100209.69,0.0,67.0,Distrito Federal,19.471135,-99.1595701
apartment,140470.72,82.0,79.0,Distrito Federal,19.3638234,-99.1444714
apartment,205526.01,0.0,88.0,Distrito Federal,19.384622452,-99.1519181058
house,225000.0,100.0,80.0,Quintana Roo,21.1363237,-86.7681794
apartment,465000.0,0.0,0.0,Quintana Roo,20.6356960162,-87.0614039898
apartment,150830.86,0.0,78.0,Distrito Federal,19.364891,-99.148384
house,226605.6,167.0,191.0,Distrito Federal,19.3018592404,-99.1369248927
apartment,310923.97,210.0,210.0,Quintana Roo,21.203037,-86.806343
apartment,179134.04,0.0,64.0,Distrito Federal,19.3862785,-99.24329
house,1500000.0,7500.0,675.0,Quintana Roo,21.158964,-86.845937
apartment,629415.51,148.0,148.0,Distrito Federal,19.4080873559,-99.1828288883
apartment,405782.13,0.0,0.0,Solidaridad,20.626583,-87.078659
apartment,534894.62,438.0,438.0,Distrito Federal,19.401079,-99.24807
apartment,262905.55,109.0,109.0,Distrito Federal,19.39365,-99.14769
house,421491.87,536.0,450.0,Quintana Roo,21.1070511,-86.8468159
house,395148.62,500.0,400.0,Distrito Federal,19.2931366,-99.1604902
house,2000000.0,0.0,300.0,Solidaridad,20.626583,-87.078659
apartment,35835.3,47.0,47.0,Distrito Federal,19.4306069,-99.0949899
apartment,64608.94,85.0,0.0,Distrito Federal,19.3932672,-99.1526149
store,50579.02,160.0,160.0,Quintana Roo,21.1805502434,-86.8347787857
house,144887.83,153.0,150.0,Distrito Federal,19.353086,-99.0982879
apartment,2475000.0,0.0,545.0,Quintana Roo,21.129547,-86.817017
apartment,147557.13,0.0,80.0,Distrito Federal,19.3499358,-99.2906864
house,1839194.33,1000.0,1000.0,Distrito Federal,19.3172544,-99.2037972
apartment,92367.6,64.0,64.0,Distrito Federal,19.3905245,-99.1797506
apartment,105318.9,0.0,64.0,Distrito Federal,19.3704998,-99.1393889
store,9485.81,216.0,0.0,Quintana Roo,21.180864,-86.85466
apartment,166528.77,144.0,0.0,Quintana Roo,21.129547,-86.817017
apartment,158000.0,0.0,75.0,Quintana Roo,20.6152723186,-87.0927214622
house,265090.0,0.0,0.0,Quintana Roo,20.63719,-87.089897
house,50064.02,160.0,156.0,Distrito Federal,19.3607916,-99.2366437
apartment,14609.57,15.0,44.0,Distrito Federal,19.342083,-99.0532159
house,650000.0,620.0,450.0,Quintana Roo,21.1067068288,-86.8398427963
house,92750.2,184.0,160.0,Quintana Roo,21.1325605,-86.8590473
house,553339.27,1700.0,479.0,Distrito Federal,19.2729101995,-99.1381273264
house,600000.0,867.0,580.0,Quintana Roo,21.0596353,-86.8501102
apartment,128892.1,0.0,64.0,Distrito Federal,19.3733676,-99.1337252
apartment,71407.11,0.0,79.0,Quintana Roo,21.1521234608,-86.8521635234
apartment,105397.95,67.0,63.0,Distrito Federal,19.4512044,-99.1536306
apartment,39524.23,60.0,60.0,Quintana Roo,21.129547,-86.817017
apartment,460000.0,139.0,105.0,Quintana Roo,20.6334382037,-87.067412138
house,850000.0,400.0,0.0,Quintana Roo,21.1902642,-86.8198375
house,300749.0,903.0,154.0,Quintana Roo,20.9134618316,-86.8745183945
apartment,185000.0,122.0,122.0,Solidaridad,20.635482,-87.070345
apartment,289844.37,94.0,94.0,Distrito Federal,19.4380266,-99.1885632
apartment,39524.23,50.0,50.0,Distrito Federal,19.452503,-99.120018
apartment,268764.78,135.0,135.0,Distrito Federal,19.394073,-99.153915
apartment,775000.0,0.0,275.0,Quintana Roo,21.129547,-86.817017
apartment,379342.68,273.0,273.0,Distrito Federal,19.3066442,-99.210077
house,167055.76,198.0,0.0,Distrito Federal,19.2918435932,-99.1124403477
apartment,168636.73,0.0,78.0,Distrito Federal,19.3539321,-99.291726
house,36880.53,140.0,140.0,Quintana Roo,21.1349669,-86.8684529
house,287209.43,177.0,391.0,Distrito Federal,19.3178194,-99.1324714
apartment,680000.0,0.0,410.0,Distrito Federal,19.390415,-99.254997
house,480000.0,451.0,245.0,Quintana Roo,20.613375,-87.089897
apartment,63223.78,88.0,88.0,Distrito Federal,19.516777,-99.160149
apartment,200682.34,0.0,171.0,Quintana Roo,21.1105772788,-86.8537859927
apartment,205793.4,126.0,178.0,Benito Juárez,21.0498059839,-86.8535878365
apartment,430000.0,136.0,136.0,Distrito Federal,19.420166,-99.220367
house,99601.06,164.0,193.0,Distrito Federal,19.3448820869,-99.1282439232
house,1370173.43,1400.0,1500.0,Distrito Federal,19.2929574924,-99.1691724211
house,895670.22,762.0,601.0,Quintana Roo,21.082655,-86.857162
apartment,163328.09,122.0,122.0,Quintana Roo,21.1628094701,-86.8520133197
apartment,39325.29,44.0,44.0,Solidaridad,20.626583,-87.078659
house,187871.85,180.0,310.0,Distrito Federal,19.364601,-99.124863
house,255590.04,988.0,526.0,Quintana Roo,21.1167011577,-86.8499898183
house,41626.27,63.0,63.0,Distrito Federal,19.285929,-99.180908
house,221283.23,300.0,267.0,Quintana Roo,21.1105052159,-86.8466126919
apartment,332860.81,121.0,121.0,Distrito Federal,19.394358,-99.177444
apartment,90639.19,0.0,0.0,Distrito Federal,19.4440744419,-99.1645360552
house,313558.92,96.0,182.0,Distrito Federal,19.3861836,-99.1521665
house,466385.95,83.0,242.0,Distrito Federal,19.3358267184,-99.2018960416
house,520000.0,0.0,204.0,Quintana Roo,21.129547,-86.817017
apartment,194195.73,92.0,92.0,Distrito Federal,19.3721819,-99.1717578
apartment,160853.09,0.0,83.0,Distrito Federal,19.3794059,-99.1591446
house,494218.77,586.0,457.0,Quintana Roo,21.106731,-86.840202
apartment,850000.0,450.0,450.0,Distrito Federal,19.3925803,-99.2511366
apartment,104319.23,70.0,0.0,Distrito Federal,19.3809507,-99.1366219
house,269924.16,63.0,0.0,Distrito Federal,19.436024,-99.15461
store,971685.0,176.0,176.0,Distrito Federal,19.3446502,-99.1884795
house,34246.21,0.0,0.0,Quintana Roo,21.1387234,-86.8703338
apartment,455000.0,241.0,183.0,Quintana Roo,21.1645530165,-86.8199585397
house,421591.82,535.0,450.0,Quintana Roo,21.1078628699,-86.8461030722
house,3500000.0,900.0,1000.0,Quintana Roo,21.1902642,-86.8198375
apartment,137052.0,0.0,75.0,Quintana Roo,21.129547,-86.817017
house,73234.21,160.0,0.0,Quintana Roo,21.129547,-86.817017
house,84298.37,200.0,125.0,Quintana Roo,21.129547,-86.817017
house,39514.86,110.0,120.0,Quintana Roo,21.129547,-86.817017
house,263494.89,486.0,325.0,Distrito Federal,19.284672,-99.220367
apartment,2371454.01,0.0,682.0,Distrito Federal,19.3748723,-99.2731774
apartment,14975.6,13.0,44.0,Distrito Federal,19.3953217,-99.0568529
apartment,158059.45,159.0,159.0,Quintana Roo,21.1143393,-86.8494584
house,260859.94,160.0,260.0,Distrito Federal,19.3151933832,-99.1022586823
apartment,1422872.41,0.0,410.0,Distrito Federal,19.4344523,-99.2040853
house,345178.3,212.0,307.0,Distrito Federal,19.2931924224,-99.1565380117
apartment,127400.0,0.0,36.0,Solidaridad,20.6309116543,-87.0721301436
apartment,51644.99,140.0,140.0,Quintana Roo,21.137991,-86.870964
apartment,521719.88,0.0,255.0,Quintana Roo,21.1902642,-86.8198375
house,1212076.49,784.0,555.0,Distrito Federal,19.401079,-99.24807
store,64556.24,283.0,586.0,Distrito Federal,19.3540449,-99.0158775
apartment,226605.6,8000.0,170.0,Quintana Roo,21.1903799,-86.8190064
apartment,384702.54,114.0,114.0,Distrito Federal,19.3562954884,-99.2755937576
house,329368.61,299.0,450.0,Quintana Roo,21.082655,-86.857162
house,310923.97,380.0,350.0,Distrito Federal,19.2676554,-99.1668751
apartment,550000.0,0.0,250.0,Quintana Roo,21.129547,-86.817017
apartment,270000.0,0.0,169.0,Quintana Roo,21.1405273179,-86.923828125
apartment,39514.86,91.0,91.0,Distrito Federal,19.462905,-99.1447579
apartment,915000.0,0.0,390.0,Distrito Federal,19.387433089,-99.2551124089
house,194986.21,215.0,282.0,Quintana Roo,21.161908,-86.8515279
apartment,119088.86,72.0,72.0,Distrito Federal,19.374976,-99.160186
house,149875.89,144.0,144.0,Quintana Roo,21.1593751229,-86.8221187592
apartment,175000.0,90.0,80.0,Quintana Roo,20.626583,-87.078659
apartment,174632.0,97.0,97.0,Quintana Roo,20.626583,-87.078659
apartment,495000.0,235.0,0.0,Quintana Roo,21.129547,-86.817017
apartment,297100.0,95.0,95.0,Solidaridad,20.626583,-87.078659
house,308215.93,250.0,297.0,Distrito Federal,19.2947813,-99.1306967
house,121207.64,510.0,220.0,Distrito Federal,19.2264786336,-99.0957053751
apartment,359000.0,0.0,107.0,Solidaridad,20.626583,-87.078659
apartment,303019.12,24464.0,213.0,Quintana Roo,21.1902642,-86.8198375
house,208160.96,307.0,342.0,Quintana Roo,20.6805577715,-87.0349614322
apartment,73778.56,35.0,35.0,Distrito Federal,19.4536022,-99.1830527
apartment,113302.8,0.0,79.0,Distrito Federal,19.3039568,-99.1748582
house,1750000.0,400.0,350.0,Quintana Roo,21.2295838529,-86.7531342921
house,289775.66,371.0,330.0,Quintana Roo,21.054120967,-86.8478765493
apartment,57968.87,50.0,50.0,Distrito Federal,19.4920787,-99.1750238
apartment,134232.0,0.0,73.0,Quintana Roo,21.129547,-86.817017
store,51351.0,0.0,60.0,Quintana Roo,21.161908,-86.8515279
apartment,350000.0,10000.0,238.0,Quintana Roo,21.2391738382,-86.8051890841
apartment,208000.0,124.0,0.0,Quintana Roo,20.209438,-87.467918
apartment,55406.65,102.0,70.0,Distrito Federal,19.4110686915,-99.1931051016
house,275000.0,1000.0,240.0,Quintana Roo,21.158964,-86.845937
apartment,249000.0,0.0,91.0,Solidaridad,20.626583,-87.078659
apartment,265000.0,426.0,426.0,Quintana Roo,20.6356357733,-87.0690965652
house,35835.3,0.0,0.0,Quintana Roo,21.1608017688,-86.858241521
apartment,190514.32,463.0,452.0,Quintana Roo,21.0842528,-86.8463243
apartment,211560.04,0.0,180.0,Quintana Roo,21.1136543,-86.8414847
apartment,227130.0,93.0,93.0,Quintana Roo,20.2114185,-87.4653502
apartment,292550.0,185.0,126.0,Quintana Roo,20.2016499256,-87.4567615986
house,68245.17,224.0,123.0,Quintana Roo,21.137991,-86.870964
apartment,131747.44,92.0,65.0,Distrito Federal,19.510954,-99.144234
apartment,102763.0,58.0,58.0,Distrito Federal,19.386852,-99.194748
house,94572.23,135.0,0.0,Quintana Roo,21.129547,-86.817017
house,432131.62,91.0,260.0,Distrito Federal,19.3694541,-99.1857532
apartment,128416.86,300.0,120.0,Quintana Roo,21.082655,-86.857162
apartment,432061.79,40707.0,221.0,Quintana Roo,21.129547,-86.817017
apartment,550000.0,0.0,0.0,Quintana Roo,20.6647001839,-87.0469254255
apartment,382067.59,0.0,134.0,Distrito Federal,19.3587114,-99.1958642
apartment,205526.01,121.0,121.0,Distrito Federal,19.3757,-99.196831
house,316193.86,600.0,360.0,Quintana Roo,21.156621,-86.821453
apartment,36463.63,72.0,60.0,Distrito Federal,19.2802991012,-99.1848063469
apartment,319254.62,169.0,169.0,Quintana Roo,21.1678473,-86.8203569
apartment,115910.26,0.0,58.0,Distrito Federal,19.3865508,-99.1937082
apartment,52686.48,0.0,48.0,Quintana Roo,21.2015367984,-86.8060874211
apartment,1810000.0,357.0,357.0,Distrito Federal,19.4332386,-99.1933503
apartment,25822.49,48.0,48.0,Distrito Federal,19.436436,-99.117256
apartment,2000000.0,0.0,324.0,Distrito Federal,19.4269193206,-99.1954386234
house,179176.52,0.0,405.0,Quintana Roo,21.082655,-86.857162
house,121207.64,217.0,80.0,Distrito Federal,19.2697059,-99.2199173
house,158096.93,136.0,286.0,Quintana Roo,21.129547,-86.817017
house,130693.46,178.0,223.0,Distrito Federal,19.328699,-99.1504583
apartment,263494.89,0.0,84.0,Distrito Federal,19.4157753,-99.165401
store,63238.77,0.0,25.0,Distrito Federal,19.342649927,-99.2065691203
house,68492.42,50.0,100.0,Distrito Federal,19.33427,-99.083374
apartment,822104.05,450.0,340.0,Distrito Federal,19.355751,-99.299347
apartment,750000.0,0.0,263.0,Quintana Roo,21.158964,-86.845937
house,179176.52,160.0,192.0,Quintana Roo,21.082655,-86.857162
apartment,237145.4,86.0,71.0,Distrito Federal,19.41498,-99.177444
house,2150000.0,721.0,665.0,Distrito Federal,19.420166,-99.220367
house,190243.31,305.0,259.0,Distrito Federal,19.3434226,-99.1359301
apartment,165000.0,146.0,146.0,Quintana Roo,20.6798877661,-87.0386695862
house,1800000.0,1223.0,1700.0,Distrito Federal,19.401079,-99.24807
apartment,226890.18,98.0,92.0,Distrito Federal,19.381729,-99.164986
house,1100000.0,636.0,700.0,Quintana Roo,21.222476336,-86.8016991019
store,221335.7,0.0,0.0,Zacatecas,22.7783474,-102.5718312
apartment,177068.56,0.0,84.0,Distrito Federal,19.367424,-99.185753
house,189000.0,160.0,263.0,Quintana Roo,21.129547,-86.817017
apartment,40645.77,70.0,72.0,Distrito Federal,19.2790911,-99.2114234
apartment,147557.13,0.0,97.0,Distrito Federal,19.3668017,-99.1724994
house,2000000.0,1592.0,650.0,Quintana Roo,21.129547,-86.817017
house,70590.28,90.0,101.0,Quintana Roo,20.626583,-87.078659
house,635022.68,123.0,295.0,Distrito Federal,19.3362978,-99.2020376
apartment,160257.59,10041.0,110.0,Quintana Roo,21.139086,-86.84964
apartment,289000.0,0.0,128.0,Solidaridad,20.6295586,-87.0738851
apartment,21079.59,68.0,68.0,Quintana Roo,21.1680287,-86.8698014
apartment,2371454.01,390.0,390.0,Distrito Federal,19.4282852,-99.1831702
apartment,31085.02,79.0,79.0,Distrito Federal,19.4753714,-99.1048072
apartment,225000.0,0.0,83.0,Quintana Roo,21.0792744845,-86.7745149136
apartment,10579.0,47.0,47.0,Distrito Federal,19.534109,-99.145271
apartment,142287.24,65.0,100.0,Distrito Federal,19.510954,-99.144234
apartment,25559.0,67.0,62.0,Distrito Federal,19.4258822217,-99.0609097481
apartment,611308.14,247.0,247.0,Distrito Federal,19.430456,-99.1889121
apartment,480000.0,0.0,153.0,Quintana Roo,20.6342300997,-87.0617580414
apartment,20157.35,47.0,47.0,Distrito Federal,19.3481352,-99.0802278
house,790297.25,900.0,400.0,Distrito Federal,19.349539,-99.204445
house,1053979.56,443.0,850.0,Distrito Federal,19.301781,-99.20237
house,240000.0,0.0,0.0,Quintana Roo,20.613267603,-87.0968979372
apartment,523600.0,0.0,280.0,Quintana Roo,21.1650106121,-86.820127219
apartment,152827.03,0.0,170.0,Distrito Federal,19.2790911,-99.2114234
house,70748.37,0.0,101.0,Quintana Roo,20.6132639408,-87.1176767349
apartment,65610.22,120.0,120.0,Quintana Roo,21.139641,-86.879738
apartment,877229.95,300.0,300.0,Distrito Federal,19.3631419,-99.2880597
house,1686367.3,1638.0,1100.0,Distrito Federal,19.320576,-99.20929
apartment,553339.27,300.0,0.0,Distrito Federal,19.3854717,-99.256456
apartment,77730.99,0.0,79.0,Quintana Roo,21.1773311,-86.8180136
apartment,57968.87,70.0,70.0,Distrito Federal,19.414261,-99.104118
house,1500000.0,400.0,400.0,Quintana Roo,21.129547,-86.817017
apartment,330000.0,0.0,78.0,Quintana Roo,20.6295586,-87.0738851
apartment,107721.28,150.0,150.0,Distrito Federal,19.387683,-99.174712
apartment,28984.43,81.0,83.0,Quintana Roo,21.1933604,-86.8617643
apartment,79566.6,0.0,122.0,Distrito Federal,19.2990233,-99.0436467
apartment,71143.62,0.0,70.0,Distrito Federal,19.3850289,-99.1944048
apartment,34246.21,60.0,60.0,Distrito Federal,19.524143,-99.160149
house,94835.67,0.0,250.0,Quintana Roo,21.139086,-86.84964
house,171231.07,220.0,248.0,Quintana Roo,20.6386679679,-87.0651912689
apartment,43740.15,24.0,87.0,Distrito Federal,19.523000777,-99.1457437277
apartment,73778.56,45.0,45.0,Distrito Federal,19.287188,-99.170525
apartment,97493.1,0.0,0.0,Distrito Federal,19.436516,-99.173988
apartment,1005285.7,84000.0,312.0,Distrito Federal,19.390415,-99.254997
apartment,284500.0,93.0,78.0,Quintana Roo,20.6322971,-87.0735677
house,200256.11,0.0,0.0,Distrito Federal,19.2929735257,-99.2321361606
apartment,42422.67,0.0,71.0,Distrito Federal,19.482325,-99.185753
apartment,149600.0,77.0,77.0,Quintana Roo,20.626583,-87.078659
house,300000.0,315.0,350.0,Quintana Roo,21.15925,-86.8244969
apartment,86942.61,0.0,50.0,Distrito Federal,19.4306069,-99.0949899
apartment,260000.0,103.0,103.0,Quintana Roo,20.6214328522,-87.1008190513
house,86162.82,104.0,120.0,Quintana Roo,20.6854886191,-87.0481109619
apartment,125160.07,59.0,59.0,Distrito Federal,19.3249413,-99.223798
apartment,304073.1,107.0,107.0,Distrito Federal,19.3928136,-99.1738213
apartment,210795.91,122.0,122.0,Distrito Federal,19.368544,-99.163605
apartment,293600.0,92.0,92.0,Quintana Roo,20.6295586,-87.0738851
house,73778.56,64.0,150.0,Distrito Federal,19.5576165,-99.1393889
apartment,80293.84,0.0,121.0,Distrito Federal,19.2990233,-99.0436467
house,237145.4,0.0,0.0,Zacatecas,22.7744796,-102.5735723
store,606038.24,2500.0,0.0,Quintana Roo,21.129547,-86.817017
apartment,289000.0,0.0,56.0,Quintana Roo,20.626583,-87.078659
house,200256.11,261.0,261.0,Quintana Roo,21.129547,-86.817017
house,155425.12,160.0,190.0,Quintana Roo,21.139641,-86.879738
apartment,115937.75,1000.0,220.0,Quintana Roo,21.1349388,-86.880232
house,166001.78,211.0,195.0,Quintana Roo,20.626583,-87.078659
apartment,42149.18,59.0,59.0,Distrito Federal,19.455859297,-99.2047137022
apartment,36322.1,77.0,77.0,Distrito Federal,19.458765,-99.178604
house,395242.33,734.0,500.0,Quintana Roo,21.161908,-86.8515279
apartment,40645.77,70.0,72.0,Distrito Federal,19.2790911,-99.2114234
apartment,434766.56,200.0,200.0,Distrito Federal,19.357464,-99.207909
apartment,372071.94,0.0,115.0,Distrito Federal,19.4092359,-99.1703192
house,315000.0,136.0,92.0,Quintana Roo,20.2742745466,-87.3992443085
house,123813.23,110.0,190.0,Quintana Roo,21.129547,-86.817017
apartment,151037.29,0.0,63.0,Distrito Federal,19.4306069,-99.0949899
store,837913.75,730.0,0.0,Distrito Federal,19.431252,-99.146999
house,685086.71,584.0,680.0,Distrito Federal,19.3953769,-99.256823
house,73778.56,0.0,0.0,Quintana Roo,20.6825778073,-87.0468449593
apartment,650000.0,180.0,180.0,Quintana Roo,21.0330105551,-86.8052101135
apartment,526989.78,161.0,161.0,Distrito Federal,19.4348265,-99.1908088
apartment,115910.26,110.0,165.0,Quintana Roo,21.1501467,-86.8439945
apartment,20284.29,57.0,57.0,Distrito Federal,19.3230172472,-99.0465371311
house,463751.0,2000.0,1000.0,Quintana Roo,21.082655,-86.857162
house,349000.0,220.0,209.0,Quintana Roo,20.626583,-87.078659
apartment,136564.13,0.0,61.0,Distrito Federal,19.364891,-99.148384
apartment,474290.8,188.0,188.0,Distrito Federal,19.3630571092,-99.2761516571
apartment,37416.27,57.0,57.0,Distrito Federal,19.3275633,-99.1217504
house,50315.59,98.0,100.0,Quintana Roo,20.626583,-87.078659
house,342462.14,290.0,460.0,Quintana Roo,21.1113234328,-86.847692281
house,408417.08,140.0,241.0,Distrito Federal,19.318155,-99.220718
house,1422872.41,800.0,800.0,Distrito Federal,19.413594,-99.2320755
apartment,915000.0,390.0,390.0,Distrito Federal,19.401079,-99.24807
store,23714.54,35.0,35.0,Quintana Roo,21.139271,-86.859673
house,469020.9,760.0,450.0,Quintana Roo,21.1085134519,-86.8528930843
apartment,221335.7,0.0,120.0,Distrito Federal,19.381729,-99.164986
apartment,230000.0,71.0,62.0,Quintana Roo,20.6365167711,-87.0682846476
apartment,911476.16,0.0,165.0,Distrito Federal,19.4340879,-99.2005149
house,630000.0,343.0,386.0,Quintana Roo,21.129547,-86.817017
apartment,390000.0,311.0,200.0,Quintana Roo,20.199600905,-87.4504315853
apartment,121178.91,120.0,120.0,Distrito Federal,19.3941609998,-99.1636083127
apartment,260422.54,0.0,87.0,Distrito Federal,19.3728751311,-99.1573405266
house,136753.84,152.0,150.0,Distrito Federal,19.2540374154,-99.1277182102
apartment,229186.2,95.0,95.0,Distrito Federal,19.3799182,-99.1837918
house,177821.32,263.0,263.0,Distrito Federal,19.314291,-99.224132
house,114593.1,300.0,150.0,Distrito Federal,19.269341791,-99.159491907
apartment,226551.88,0.0,224.0,Quintana Roo,21.1123232,-86.8453302
apartment,500000.0,113.0,113.0,Quintana Roo,20.630901,-87.069916
apartment,117089.64,0.0,61.0,Distrito Federal,19.4306069,-99.0949899
apartment,49508.1,0.0,70.0,Quintana Roo,20.6538280342,-87.0872497559
house,21606.58,140.0,140.0,Quintana Roo,21.1534289,-86.9010449
apartment,700000.0,300.0,300.0,Quintana Roo,21.161908,-86.8515279
apartment,29504.43,44.0,44.0,Distrito Federal,19.3484112,-99.0349033
apartment,69809.59,50.0,50.0,Distrito Federal,19.418058,-99.131088
apartment,104343.97,98.0,0.0,Distrito Federal,19.3073525,-99.1061901
house,57968.87,109.0,189.0,Quintana Roo,21.175814,-86.823288
apartment,150192.08,95.0,95.0,Distrito Federal,19.386808,-99.1938216
apartment,131747.44,0.0,0.0,Quintana Roo,20.626583,-87.078659
apartment,450000.0,0.0,18201.0,Quintana Roo,21.129547,-86.817017
apartment,392607.38,0.0,180.0,Distrito Federal,19.390982,-99.243919
apartment,137802.55,77.0,77.0,Distrito Federal,19.394073,-99.153915
house,23182.05,0.0,0.0,Quintana Roo,21.151917,-86.899796
apartment,1000000.0,0.0,246.0,Distrito Federal,19.4354835,-99.2106606
house,2002561.17,1734.0,678.0,Distrito Federal,19.347502,-99.171906
house,440000.0,0.0,250.0,Quintana Roo,21.1295466,-86.8170132
house,179176.52,200.0,215.0,Quintana Roo,20.6756117069,-87.0527458191
apartment,187871.85,230.0,230.0,Quintana Roo,21.129547,-86.817017
apartment,182032.81,100.0,100.0,Distrito Federal,19.341894,-99.224525
house,3750000.0,6370.0,0.0,Quintana Roo,21.161908,-86.8515279
apartment,237089.17,0.0,180.0,Quintana Roo,21.129547,-86.817017
apartment,145000.0,0.0,100.0,Quintana Roo,20.6187065832,-87.0904254913
house,985470.89,583.0,715.0,Distrito Federal,19.3254018,-99.2066379
house,1844464.23,575.0,960.0,Distrito Federal,19.3897807327,-99.2582365125
house,131747.44,149.0,291.0,Distrito Federal,19.5150383862,-99.1450130939
house,480000.0,419.0,388.0,Quintana Roo,21.129547,-86.817017
house,97493.1,0.0,0.0,Distrito Federal,19.4994338,-99.1119157
store,107216.99,150.0,505.0,Distrito Federal,19.4459423,-99.1557748
house,36353.67,100.0,80.0,Quintana Roo,20.6819153389,-87.0500636101
apartment,168162.43,63.0,63.0,Distrito Federal,19.3865081,-99.1809914
apartment,595029.0,153.0,100.0,Quintana Roo,21.1475390152,-86.7902554829
house,121207.64,202.0,185.0,Quintana Roo,21.1419495234,-86.8480825424
store,474027.3,55.0,897.0,Distrito Federal,19.418058,-99.131088
house,3800000.0,1112.0,1650.0,Quintana Roo,21.129547,-86.817017
apartment,263432.41,180.0,180.0,Distrito Federal,19.2464696,-99.1013498
apartment,152000.0,0.0,75.0,Quintana Roo,20.613375,-87.089897
house,97469.99,160.0,120.0,Quintana Roo,21.129547,-86.817017
house,242415.29,110.0,350.0,Distrito Federal,19.3596455,-99.1976707
apartment,234167.9,0.0,83.0,Distrito Federal,19.3794059,-99.1591446
apartment,344510.97,121.0,121.0,Distrito Federal,19.394358,-99.177444
house,474290.8,140.0,325.0,Distrito Federal,19.353813,-99.163605
house,120153.67,110.0,205.0,Quintana Roo,21.129547,-86.817017
apartment,129831.31,0.0,126.0,Quintana Roo,21.161908,-86.8515279
apartment,52698.97,75.0,75.0,Quintana Roo,21.1640976424,-86.8211920559
store,102763.0,63.0,63.0,Distrito Federal,19.4377047567,-99.1511714458
apartment,124337.96,0.0,0.0,Distrito Federal,19.3886333,-99.1729107
house,395242.33,630.0,420.0,Quintana Roo,21.161908,-86.8515279
apartment,750000.0,0.0,256.0,Quintana Roo,21.129547,-86.817017
apartment,606038.24,0.0,240.0,Distrito Federal,19.390415,-99.254997
apartment,57985.53,0.0,69.0,Distrito Federal,19.2990233,-99.0436467
house,850000.0,400.0,400.0,Quintana Roo,21.1155339823,-86.7660498619
apartment,336800.0,209.0,125.0,Solidaridad,20.614042,-87.08976
apartment,173932.97,0.0,0.0,Distrito Federal,19.3794059,-99.1591446
house,353083.15,625.0,502.0,Quintana Roo,21.161908,-86.8515279
house,158096.93,160.0,200.0,Quintana Roo,21.139086,-86.84964
apartment,1121250.0,299.0,299.0,Distrito Federal,19.4339975,-99.1909529
apartment,652940.33,357.0,357.0,Distrito Federal,19.4628329211,-99.1901439625
apartment,354740.9,0.0,0.0,Distrito Federal,19.41498,-99.177444
house,21053.24,35.0,56.0,Distrito Federal,19.3238645,-99.0557268
house,70616.63,135.0,123.0,Quintana Roo,20.6648985102,-87.0624141899
house,714955.58,489.0,321.0,Distrito Federal,19.287188,-99.170525
apartment,850000.0,440.0,440.0,Distrito Federal,19.3799392957,-99.2652908229
house,300000.0,300.0,234.0,Quintana Roo,20.209438,-87.467918
apartment,1150000.0,350.0,350.0,Quintana Roo,21.1640826346,-86.8113684654
house,34000.0,114.0,114.0,Quintana Roo,21.129547,-86.817017
apartment,48087.81,0.0,0.0,Distrito Federal,19.4083163022,-99.1089105606
apartment,194000.0,1000.0,100.0,Solidaridad,20.6295586,-87.0738851
house,144922.18,160.0,160.0,Quintana Roo,21.082655,-86.857162
apartment,1200000.0,560.0,560.0,Distrito Federal,19.390415,-99.254997
apartment,1370173.43,0.0,225.0,Distrito Federal,19.4325773,-99.1880862
house,79029.67,0.0,160.0,Quintana Roo,21.129547,-86.817017
apartment,237145.4,0.0,224.0,Quintana Roo,21.1136543,-86.8414847
house,73778.56,140.0,140.0,Quintana Roo,21.1430027222,-86.8455780926
house,199000.0,290.0,290.0,Quintana Roo,20.6795906156,-87.0356845122
apartment,1500000.0,325.0,325.0,Distrito Federal,19.401079,-99.24807
apartment,61921.29,108.0,108.0,Quintana Roo,21.139641,-86.879738
apartment,199729.12,125.0,0.0,Distrito Federal,19.3375477327,-99.2229540646
apartment,4500000.0,700.0,700.0,Distrito Federal,19.3433082,-99.2785732
house,1106678.54,870.0,400.0,Distrito Federal,19.446829,-99.159454
apartment,400000.0,277.0,139.0,Quintana Roo,20.2016654,-87.4605774
house,86953.31,190.0,120.0,Quintana Roo,21.152508,-86.850891
apartment,790000.0,0.0,150.0,Quintana Roo,20.626583,-87.078659
house,1053979.56,1387.0,659.0,Distrito Federal,19.327168,-99.224525
house,210795.91,300.0,220.0,Quintana Roo,21.129547,-86.817017
house,256267.05,38.0,155.0,Distrito Federal,19.394073,-99.153915
apartment,268764.78,0.0,205.0,Distrito Federal,19.3930931,-99.1569399
apartment,91674.48,212.0,127.0,Quintana Roo,20.6207902002,-87.09069103
apartment,395242.33,1065.0,1065.0,Distrito Federal,19.46731,-99.133163
apartment,386053.74,204.0,204.0,Quintana Roo,21.1678473,-86.8203569
house,45310.37,88.0,88.0,Solidaridad,20.6295269,-87.0738739
house,86953.31,0.0,0.0,Quintana Roo,21.139271,-86.859673
apartment,129312.75,0.0,67.0,Distrito Federal,19.4623699537,-99.1446418778
apartment,1053729.67,200.0,0.0,Distrito Federal,19.4303825,-99.1869673
house,790297.25,304.0,304.0,Distrito Federal,19.372064,-99.1661897
house,184446.42,160.0,190.0,Distrito Federal,19.4873329,-99.1236134
apartment,42917.25,60.0,60.0,Distrito Federal,19.4279665308,-99.1459840536
apartment,300000.0,212.0,139.0,Quintana Roo,20.2016654,-87.4605774
apartment,545434.42,0.0,220.0,Distrito Federal,19.3057082,-99.2266013
house,108770.69,200.0,145.0,Quintana Roo,20.6188710143,-87.1069069952
apartment,558476.72,241.0,0.0,Distrito Federal,19.3627702,-99.2659429
house,1317474.45,1320.0,1100.0,Distrito Federal,19.320576,-99.20929
apartment,257348.97,160.0,160.0,Distrito Federal,19.3339183962,-99.2400678992
apartment,189000.0,97.0,97.0,Quintana Roo,21.1180036168,-86.7681055079
house,471655.85,319.0,385.0,Distrito Federal,19.3951834,-99.2320055
house,750000.0,391.0,384.0,Quintana Roo,21.1126405,-86.7664362
apartment,46954.78,0.0,63.0,Distrito Federal,19.491447,-99.180214
house,150192.08,147.0,157.0,Quintana Roo,21.1356326752,-86.8262426555
house,450000.0,250.0,250.0,Quintana Roo,21.1295466,-86.8170132
apartment,350000.0,194.0,194.0,Quintana Roo,20.6366598988,-87.0684957504
apartment,445306.36,147.0,147.0,Distrito Federal,19.275206,-99.218292
house,263494.89,421.0,421.0,Distrito Federal,19.489897,-99.21067
house,237145.4,0.0,0.0,Quintana Roo,21.1398756255,-86.8301050365
apartment,837913.75,0.0,310.0,Distrito Federal,19.3874584,-99.2521431
apartment,71143.62,0.0,66.0,Distrito Federal,19.371843,-99.200287
apartment,33200.35,65.0,65.0,Distrito Federal,19.4753714,-99.1048072
apartment,42159.18,59.0,59.0,Distrito Federal,19.455909878,-99.2046815157
apartment,1500000.0,0.0,325.0,Distrito Federal,19.3631419,-99.2880597
apartment,417375.9,158.0,119.0,Distrito Federal,19.41498,-99.177444
house,727245.89,500.0,460.0,Quintana Roo,21.1295466,-86.8170132
house,3000000.0,1200.0,1250.0,Distrito Federal,19.320576,-99.20929
apartment,194939.99,0.0,60.0,Distrito Federal,19.440935,-99.188522
apartment,380000.0,542.0,708.0,Quintana Roo,21.163416038,-86.8342872709
apartment,223970.65,83.0,83.0,Distrito Federal,19.3981280251,-99.1629248857
store,6243537.78,5004.0,4763.0,Distrito Federal,19.310879,-99.138695
house,1500000.0,469.0,400.0,Quintana Roo,21.1669102,-86.8113357
house,390000.0,480.0,303.0,Quintana Roo,21.129547,-86.817017
house,690000.0,700.0,370.0,Quintana Roo,21.199106,-86.805694
house,574282.67,752.0,1182.0,Distrito Federal,19.2969709106,-99.0326645022
house,2400000.0,464.0,407.0,Quintana Roo,21.1694853329,-86.8037295341
house,100128.05,156.0,158.0,Quintana Roo,21.139641,-86.879738
apartment,314650.0,82.0,82.0,Quintana Roo,20.626583,-87.078659
house,139652.29,300.0,290.0,Quintana Roo,21.146414,-86.843369
apartment,175000.0,175.0,175.0,Quintana Roo,20.626583,-87.078659
apartment,241040.66,0.0,135.0,Distrito Federal,19.3794059,-99.1591446
apartment,121734.63,100.0,100.0,Quintana Roo,20.61372587,-87.0960903168
apartment,80392.29,0.0,70.0,Distrito Federal,19.453909,-99.208595
apartment,74368.79,0.0,47.0,Distrito Federal,19.446829,-99.159454
house,147557.13,0.0,320.0,Quintana Roo,21.082655,-86.857162
house,1043439.76,585.0,585.0,Distrito Federal,19.493973,-99.130394
apartment,760000.0,10830.0,350.0,Quintana Roo,21.1902642,-86.8198375
apartment,71992.81,118.0,118.0,Quintana Roo,20.6540990945,-87.0857208967
house,439232.8,255.0,255.0,Distrito Federal,19.3605334,-99.2267067
house,519084.93,338.0,338.0,Distrito Federal,19.3438765513,-99.3069778102
house,166001.78,608.0,750.0,Distrito Federal,19.2990233,-99.0436467
apartment,939000.0,0.0,320.0,Solidaridad,20.6295586,-87.0738851
apartment,200000.0,220.0,104.0,Solidaridad,20.6284265382,-87.0808339119
house,105397.95,126.0,160.0,Distrito Federal,19.314381,-99.127632
house,1000000.0,2000.0,900.0,Quintana Roo,20.4104426327,-87.3078775406
house,590088.61,255.0,410.0,Distrito Federal,19.353813,-99.163605
apartment,459600.0,0.0,131.0,Solidaridad,20.6295586,-87.0738851
apartment,26349.48,0.0,0.0,Distrito Federal,19.371681,-99.115875
house,68508.67,0.0,0.0,Quintana Roo,21.1461522673,-86.8458938599
house,563879.06,94.0,258.0,Distrito Federal,19.3358368421,-99.2021495104
house,685086.71,245.0,480.0,Distrito Federal,19.4392516,-99.1636051
apartment,89567.02,113.0,113.0,Distrito Federal,19.427607,-99.160835
house,145362.0,5217.0,560.0,Distrito Federal,19.248758,-99.173294
apartment,3500000.0,0.0,500.0,Quintana Roo,21.1295466,-86.8170132
house,395148.62,223.0,385.0,Distrito Federal,19.2818171,-99.1434659
apartment,44794.13,57.0,57.0,Distrito Federal,19.4823253,-99.185752
apartment,79048.46,61.0,61.0,Distrito Federal,19.391903,-99.188954
house,216065.81,90.0,261.0,Quintana Roo,21.161908,-86.8515279
house,658737.22,739.0,569.0,Quintana Roo,21.158964,-86.845937
apartment,44794.13,0.0,0.0,Quintana Roo,20.6802053,-87.0605355
apartment,67454.69,70.0,70.0,Distrito Federal,19.4736729503,-99.0838479996
apartment,135561.0,0.0,73.0,Quintana Roo,21.129547,-86.817017
apartment,650000.0,217.0,217.0,Quintana Roo,21.1433771,-86.8595054
house,179176.52,230.0,200.0,Quintana Roo,21.1353179,-86.8608315
house,1500000.0,300.0,425.0,Quintana Roo,21.129547,-86.817017
apartment,219500.0,0.0,122.0,Quintana Roo,20.2007286248,-87.4607419968
apartment,84318.36,0.0,71.0,Distrito Federal,19.3246591,-99.140855
apartment,163366.83,0.0,78.0,Distrito Federal,19.3499358,-99.2906864
apartment,126414.67,0.0,126.0,Quintana Roo,21.161908,-86.8515279
house,1350000.0,750.0,612.0,Quintana Roo,20.5026789073,-87.2227961943
house,142253.5,253.0,117.0,Distrito Federal,19.2790911,-99.2114234
apartment,84298.37,0.0,56.0,Distrito Federal,19.4473207,-99.1745277
apartment,370000.0,0.0,199.0,Quintana Roo,21.1295466,-86.8170132
apartment,289775.66,0.0,179.0,Quintana Roo,20.613375,-87.089897
apartment,69562.65,0.0,63.0,Distrito Federal,19.2903346,-99.1272957
apartment,2500000.0,340.0,340.0,Distrito Federal,19.2464696,-99.1013498
house,91696.22,110.0,155.0,Quintana Roo,21.161908,-86.8515279
house,205698.94,169.0,345.0,Distrito Federal,19.396791,-99.0675346
house,55333.92,76.0,80.0,Quintana Roo,20.6643223683,-87.079547426
house,157569.94,160.0,204.0,Quintana Roo,21.161908,-86.8515279
house,685086.71,690.0,475.0,Distrito Federal,19.3244270722,-99.2314513028
apartment,750000.0,440.0,440.0,Distrito Federal,19.401079,-99.24807
house,94331.17,0.0,0.0,Quintana Roo,21.139271,-86.859673
house,521561.78,115.0,243.0,Distrito Federal,19.3455921,-99.1484149
apartment,196943.14,0.0,160.0,Quintana Roo,21.129547,-86.817017
apartment,26876.47,0.0,48.0,Distrito Federal,19.3679029336,-99.0084283054
house,1100000.0,0.0,450.0,Quintana Roo,21.1347621,-86.7461357
apartment,158096.93,0.0,187.0,Quintana Roo,21.129547,-86.817017
apartment,310850.25,0.0,150.0,Distrito Federal,19.272743,-99.17952
apartment,342462.14,140.0,140.0,Distrito Federal,19.3376152,-99.194904
house,181811.47,297.0,293.0,Quintana Roo,21.1617159743,-86.8234346813
apartment,255590.04,0.0,97.0,Distrito Federal,19.2464696,-99.1013498
apartment,40645.77,70.0,72.0,Distrito Federal,19.2790911,-99.2114234
house,237089.17,140.0,330.0,Distrito Federal,19.3073525,-99.1061901
house,44794.13,136.0,90.0,Quintana Roo,21.139641,-86.879738
apartment,1500000.0,325.0,325.0,Distrito Federal,19.401079,-99.24807
house,1100000.0,192.0,350.0,Quintana Roo,21.0448129679,-86.7828941345
house,123842.59,160.0,160.0,Quintana Roo,21.129547,-86.817017
apartment,48114.16,0.0,65.0,Distrito Federal,19.4566382427,-99.200373888
house,580000.0,785.0,468.0,Quintana Roo,21.158964,-86.845937
apartment,3650000.0,600.0,575.0,Distrito Federal,19.400524,-99.230064
house,616578.04,104.0,287.0,Distrito Federal,19.3361304282,-99.2020529509
house,220000.0,2000.0,220.0,Quintana Roo,21.139086,-86.84964
apartment,1673373.0,231.0,231.0,Distrito Federal,19.4287384,-99.1894165
apartment,121207.64,0.0,170.0,Quintana Roo,21.1397389,-86.8317877
apartment,250425.54,0.0,88.0,Distrito Federal,19.3584465,-99.2719561
house,62960.34,160.0,220.0,Quintana Roo,21.1554854345,-86.8750159442
apartment,60603.82,0.0,0.0,Distrito Federal,19.2814228,-99.1418011
apartment,270983.78,99.0,99.0,Distrito Federal,19.3867842,-99.1771664
apartment,271399.73,248.0,128.0,Quintana Roo,21.1591424,-86.8053312
apartment,285318.38,0.0,137.0,Distrito Federal,19.381729,-99.164986
house,147522.15,322.0,340.0,Distrito Federal,19.3705071,-99.2266013
store,65000.0,56.0,56.0,Quintana Roo,21.129547,-86.817017
apartment,209741.93,134.0,134.0,Quintana Roo,21.1445071449,-86.8220307492
apartment,117037.0,0.0,47.0,Quintana Roo,20.3917349367,-87.4081626534
house,1275000.0,747.0,600.0,Distrito Federal,19.405931,-99.2507755
apartment,138724.79,0.0,70.0,Distrito Federal,19.3908165,-99.1466355
apartment,148312.45,137.0,137.0,Quintana Roo,21.082655,-86.857162
apartment,275000.0,0.0,288.0,Quintana Roo,20.7612007256,-86.9581328501
apartment,193932.23,70.0,70.0,Distrito Federal,19.4432497,-99.2028636
apartment,8695.33,49.0,49.0,Distrito Federal,19.2837372171,-99.0549311042
house,36836.58,98.0,65.0,Quintana Roo,20.6295586,-87.0738851
apartment,81196.95,86.0,86.0,Distrito Federal,19.351277,-99.221244
house,5000000.0,1648.0,1325.0,Distrito Federal,19.4066702,-99.2278752
apartment,263056.39,2397.0,165.0,Quintana Roo,21.1110732141,-86.8539552391
house,1130000.0,628.0,484.0,Distrito Federal,19.286903,-99.1672076
house,1053979.56,358.0,379.0,Distrito Federal,19.3876226,-99.1853633
house,147557.13,336.0,268.0,Quintana Roo,21.203037,-86.806343
apartment,332003.56,0.0,151.0,Distrito Federal,19.3309328,-99.2258874
apartment,32138.75,54.0,54.0,Distrito Federal,19.505199,-99.155991
apartment,189716.32,0.0,150.0,Distrito Federal,19.2775156,-99.1645304
house,685086.71,221.0,480.0,Distrito Federal,19.34189,-99.166374
house,579688.75,750.0,500.0,Quintana Roo,21.161908,-86.8515279
apartment,482195.65,0.0,161.0,Distrito Federal,19.304177072,-99.2225289345
house,795000.0,0.0,0.0,Quintana Roo,20.3868736,-87.3236335
apartment,63013.03,74.0,74.0,Quintana Roo,20.6538430931,-87.0860561728
apartment,185000.0,0.0,145.0,Quintana Roo,20.613375,-87.089897
house,265000.0,325.0,207.0,Quintana Roo,20.6256382398,-87.0891513884
apartment,57000.0,50.0,50.0,Quintana Roo,20.503029,-87.222649
house,2213357.08,874.0,1118.0,Distrito Federal,19.3234957,-99.210996
house,250000.0,5000.0,2000.0,Quintana Roo,20.8482492,-86.876106
apartment,290000.0,125.0,126.0,Quintana Roo,21.129547,-86.817017
apartment,151546.45,49.0,49.0,Distrito Federal,19.4028827625,-99.1687436511
house,35571.81,128.0,57.0,Quintana Roo,20.4973693692,-86.940050628
apartment,1614122.0,251.0,251.0,Distrito Federal,19.4354835,-99.2106606
apartment,96732.66,71.0,71.0,Distrito Federal,19.3905096814,-99.1797745215
apartment,100000.0,7339.0,91.0,Quintana Roo,20.626583,-87.078659
apartment,226102.91,141.0,141.0,Distrito Federal,19.334242357,-99.240411222
apartment,98030.63,300.0,117.0,Quintana Roo,21.082655,-86.857162
apartment,225400.0,90.0,90.0,Quintana Roo,20.6343104242,-87.07218647
apartment,69299.15,0.0,57.0,Distrito Federal,19.406622,-99.124168
apartment,35107.0,71.0,71.0,Distrito Federal,19.2812307923,-99.1871774197
apartment,210247.84,0.0,107.0,Distrito Federal,19.3765891,-99.1531067
apartment,251637.62,133.0,133.0,Distrito Federal,19.394073,-99.153915
apartment,175176.67,90.0,90.0,Distrito Federal,19.5324951,-99.1407725
house,202891.06,280.0,264.0,Quintana Roo,21.1113134241,-86.8480865657
apartment,197621.16,0.0,125.0,Distrito Federal,19.33923,-99.218987
house,447835.11,650.0,450.0,Quintana Roo,21.161908,-86.8515279
house,632237.8,260.0,570.0,Distrito Federal,19.3470575,-99.2965778
apartment,658737.22,0.0,298.0,Distrito Federal,19.3583853,-99.2085429
apartment,711436.2,250.0,250.0,Distrito Federal,19.4334011,-99.1873074
apartment,50052.15,67.0,67.0,Distrito Federal,19.443178,-99.144234
apartment,1315000.0,311.0,311.0,Distrito Federal,19.4332386,-99.1933503
house,2600000.0,920.0,700.0,Distrito Federal,19.401079,-99.24807
house,100677.54,115.0,163.0,Quintana Roo,20.6544441937,-87.0865758508
apartment,19498.62,0.0,0.0,Distrito Federal,19.4497489958,-99.1629087925
apartment,734623.75,120.0,240.0,Distrito Federal,19.401079,-99.24807
house,363536.73,500.0,480.0,Quintana Roo,21.158964,-86.845937
apartment,192351.27,125.0,125.0,Distrito Federal,19.3349552,-99.2233579
house,242415.29,197.0,187.0,Distrito Federal,19.3037588,-99.1142505
apartment,115910.26,72.0,72.0,Distrito Federal,19.4447238,-99.1719095
house,395242.33,325.0,419.0,Distrito Federal,19.3271667,-99.2245237
apartment,73778.56,71.0,71.0,Distrito Federal,19.444723,-99.186447
apartment,168636.73,144.0,0.0,Quintana Roo,21.129547,-86.817017
apartment,419200.0,125.0,125.0,Quintana Roo,20.626583,-87.078659
apartment,145185.68,0.0,60.0,Distrito Federal,19.357824,-99.286752
house,167530.05,160.0,238.0,Distrito Federal,19.3437444,-99.1561883
apartment,390000.0,6000.0,185.0,Quintana Roo,21.1721465895,-86.818202734
house,202842.96,300.0,295.0,Quintana Roo,21.140179,-86.828308
house,47429.08,220.0,0.0,Quintana Roo,20.6722013128,-87.0732244849
apartment,194939.99,0.0,60.0,Distrito Federal,19.443178,-99.20237
house,1950000.0,560.0,730.0,Distrito Federal,19.401079,-99.24807
apartment,764135.18,0.0,300.0,Distrito Federal,19.390415,-99.254997
apartment,168636.73,1000.0,230.0,Quintana Roo,21.145283,-86.822662
apartment,193000.0,96.0,85.0,Quintana Roo,20.1999029736,-87.4550771713
apartment,100128.05,85.0,85.0,Distrito Federal,19.3935712,-99.113412
apartment,56752.32,0.0,63.0,Distrito Federal,19.2990233,-99.0436467
apartment,21343.08,43.0,43.0,Distrito Federal,19.342083,-99.0532159
house,434766.56,142.0,241.0,Distrito Federal,19.3167357,-99.2293233
apartment,215000.0,119.0,119.0,Quintana Roo,20.503686967,-87.22427845
house,579688.75,734.0,714.0,Quintana Roo,21.161908,-86.8515279
house,100128.05,120.0,200.0,Distrito Federal,19.2449770188,-99.0763539076
apartment,1700000.0,402.0,402.0,Distrito Federal,19.392937,-99.263313
apartment,316193.86,90.0,90.0,Distrito Federal,19.4374999,-99.1873839
house,66400.71,160.0,120.0,Quintana Roo,21.149214,-86.874092
apartment,310923.97,0.0,310.0,Quintana Roo,21.1659535914,-86.8196457624
house,244119.0,99.0,158.0,Quintana Roo,20.2088602,-87.4653115
house,197884.66,270.0,236.0,Quintana Roo,21.1773908,-86.8179817
apartment,598634.09,0.0,324.0,Quintana Roo,21.1902642,-86.8198375
house,421591.82,600.0,458.0,Distrito Federal,19.2691183965,-99.127600193
apartment,197621.16,97.0,97.0,Distrito Federal,19.2464696,-99.1013498
house,4000000.0,1000.0,900.0,Distrito Federal,19.400524,-99.230064
house,474290.8,320.0,320.0,Distrito Federal,19.287188,-99.170525
house,1133028.03,1096.0,450.0,Distrito Federal,19.327168,-99.224525
apartment,60603.82,0.0,62.0,Distrito Federal,19.3674239,-99.2002892
house,1512460.67,468.0,400.0,Quintana Roo,21.1640090481,-86.82033518
house,202891.06,200.0,350.0,Distrito Federal,19.3782351,-99.2204876
apartment,257110.04,97.0,97.0,Distrito Federal,19.3849579,-99.1598558
apartment,231875.5,102.0,0.0,Distrito Federal,19.3784829,-99.2554436
house,200256.11,344.0,595.0,Distrito Federal,19.2381345433,-99.0989166498
apartment,114856.53,0.0,60.0,Distrito Federal,19.3605334,-99.2267067
house,237145.4,200.0,275.0,Distrito Federal,19.3792043,-99.2576155
apartment,247685.14,80.0,80.0,Distrito Federal,19.426753,-99.1618449
apartment,469020.9,0.0,250.0,Quintana Roo,21.1116462144,-86.7654758692
house,555000.0,1122.0,380.0,Quintana Roo,21.1010425,-86.845249
apartment,247685.19,105.0,105.0,Distrito Federal,19.4202091,-99.1695901
house,785214.77,750.0,650.0,Distrito Federal,19.3251419,-99.2229219
house,185500.4,120.0,160.0,Distrito Federal,19.2923284,-99.2181291
apartment,322027.85,40707.0,159.0,Quintana Roo,21.129547,-86.817017
house,210795.91,137.0,240.0,Distrito Federal,19.3248768,-99.2331489
house,150192.08,0.0,260.0,Distrito Federal,19.496761,-99.075081
apartment,950000.0,0.0,500.0,Quintana Roo,21.1632822181,-86.8091583252
apartment,241540.49,2397.0,267.0,Quintana Roo,21.110993144,-86.8539766967
house,705000.0,1664.0,665.0,Quintana Roo,21.129547,-86.817017
house,721976.0,1250.0,780.0,Distrito Federal,19.401079,-99.24807
apartment,490000.0,0.0,250.0,Quintana Roo,21.129547,-86.817017
apartment,727245.89,430.0,430.0,Distrito Federal,19.425873,-99.2246417
house,461006.73,652.0,460.0,Quintana Roo,21.0537444932,-86.8486404419
apartment,164984.69,63.0,63.0,Distrito Federal,19.3900682,-99.1565398
house,670000.0,400.0,415.0,Quintana Roo,20.6115266726,-87.0917290449
house,421591.82,1250.0,800.0,Quintana Roo,21.0792344409,-86.8578929904
apartment,209700.0,0.0,53.0,Solidaridad,20.626583,-87.078659
apartment,202842.96,0.0,210.0,Quintana Roo,21.161908,-86.8515279
apartment,158822.35,87.0,87.0,Distrito Federal,19.364967,-99.1428406
house,21295.65,0.0,0.0,Distrito Federal,19.441147,-99.16983
house,803440.71,158.0,444.0,Distrito Federal,19.357464,-99.207909
apartment,168636.73,0.0,175.0,Quintana Roo,21.1608002,-86.8565388
house,560000.0,280.0,380.0,Quintana Roo,21.1645378696,-86.8207535148
apartment,350000.0,0.0,238.0,Quintana Roo,20.6295586,-87.0738851
house,342462.14,584.0,480.0,Quintana Roo,21.106796013,-86.8518539531
house,422224.14,261.0,458.0,Distrito Federal,19.3426347421,-99.2248383164
apartment,474290.8,200.0,200.0,Distrito Federal,19.381729,-99.164986
apartment,158000.0,0.0,75.0,Quintana Roo,20.6147007313,-87.0930271201
apartment,384702.54,0.0,173.0,Distrito Federal,19.381729,-99.164986
apartment,342016.36,0.0,205.0,Distrito Federal,19.3189193205,-99.2143709958
house,790484.67,980.0,670.0,Quintana Roo,21.1060011888,-86.8468567729
apartment,204366.63,0.0,82.0,Distrito Federal,19.392937,-99.263313
apartment,262905.55,109.0,109.0,Distrito Federal,19.394073,-99.153915
apartment,830000.0,307.0,307.0,Distrito Federal,19.3855147,-99.2533303
store,1950000.0,1500.0,1500.0,Quintana Roo,20.6251933163,-87.0878076553
house,1053979.56,486.0,687.0,Distrito Federal,19.301781,-99.20237
apartment,44794.13,52.0,52.0,Distrito Federal,19.405014,-99.141464
house,342543.35,250.0,250.0,Distrito Federal,19.3376755,-99.2193671
house,250000.0,250.0,186.0,Quintana Roo,20.613375,-87.089897
apartment,192924.2,0.0,91.0,Distrito Federal,19.372334,-99.190598
house,466275.38,243.0,373.0,Distrito Federal,19.3431934,-99.2071435
house,360988.0,510.0,382.0,Distrito Federal,19.2826426,-99.2179032
house,100104.31,110.0,130.0,Quintana Roo,21.161908,-86.8515279
house,140574.52,200.0,160.0,Distrito Federal,19.271181,-99.137314
apartment,210581.95,100.0,100.0,Distrito Federal,19.4032833,-99.1821858
house,316118.9,400.0,385.0,Quintana Roo,21.082655,-86.857162
apartment,184637.45,57.0,57.0,Distrito Federal,19.4177154,-99.1788559
house,189716.32,170.0,253.0,Quintana Roo,21.161908,-86.8515279
apartment,122011.3,87.0,87.0,Distrito Federal,19.3339698585,-99.151263535
apartment,178675.88,124.0,90.0,Distrito Federal,19.3819271,-99.1891539
house,70563.93,101.0,101.0,Quintana Roo,20.6056252733,-87.1102864109
apartment,205125.5,92.0,92.0,Distrito Federal,19.3794059,-99.1591446
house,181819.37,200.0,224.0,Distrito Federal,19.298168,-99.113106
apartment,41104.67,87.0,87.0,Quintana Roo,21.1504790713,-86.8528892858
apartment,149107.06,0.0,60.0,Distrito Federal,19.4306069,-99.0949899
apartment,136377.0,0.0,75.0,Quintana Roo,21.129547,-86.817017
apartment,603403.3,0.0,229.0,Distrito Federal,19.392937,-99.263313
apartment,211000.0,1000.0,100.0,Solidaridad,20.6295586,-87.0738851
house,16600.17,90.0,46.0,Quintana Roo,21.180864,-86.85466
house,181811.47,203.0,450.0,Distrito Federal,19.3557578,-99.0237546
house,642775.1,160.0,235.0,Distrito Federal,19.353813,-99.163605
apartment,367575.37,0.0,115.0,Distrito Federal,19.4195256,-99.162549
house,231875.5,2500.0,800.0,Quintana Roo,21.0683147,-86.8465036
apartment,1127870.0,199.0,199.0,Distrito Federal,19.4342032,-99.2063684
house,760000.0,500.0,550.0,Distrito Federal,19.401079,-99.24807
house,249793.15,202.0,290.0,Distrito Federal,19.3354254,-99.1338549
house,420537.84,203.0,479.0,Distrito Federal,19.396593,-99.133163
apartment,879864.27,200.0,200.0,Distrito Federal,19.433173,-99.1863574
apartment,447941.31,0.0,147.0,Distrito Federal,19.3042378257,-99.2222929001
apartment,2000000.0,422.0,422.0,Distrito Federal,19.430456,-99.1889121
apartment,270000.0,166.0,139.0,Quintana Roo,20.2016654,-87.4605774
house,265000.0,342.0,250.0,Quintana Roo,20.4310062,-86.9080654
apartment,445000.0,0.0,128.0,Solidaridad,20.6295586,-87.0738851
house,39524.23,0.0,0.0,Quintana Roo,21.139523,-86.844428
apartment,57968.87,0.0,0.0,Distrito Federal,19.4027115,-99.0709578
apartment,230000.0,134.0,134.0,Quintana Roo,21.136265623,-86.7680883408
apartment,344651.31,136.0,136.0,Distrito Federal,19.3583176,-99.189399
apartment,189000.0,140.0,140.0,Quintana Roo,20.613375,-87.089897
house,89567.02,150.0,155.0,Quintana Roo,21.139271,-86.859673
apartment,268764.78,0.0,84.0,Distrito Federal,19.4157753,-99.165401
house,44794.13,200.0,240.0,Quintana Roo,21.16914,-86.864693
apartment,48829.92,0.0,70.0,Quintana Roo,20.6541412589,-87.0876703283
apartment,359000.0,106.0,95.0,Quintana Roo,20.6628443771,-87.031954765
house,173906.62,160.0,230.0,Quintana Roo,21.1401633212,-86.8231782317
house,650000.0,720.0,300.0,Quintana Roo,20.6140271275,-87.092936039
house,358353.05,87.0,198.0,Distrito Federal,19.3726839,-99.1836755
apartment,1500000.0,0.0,336.0,Quintana Roo,21.1075626004,-86.7607498169
apartment,84318.36,124.0,124.0,Quintana Roo,20.653885064,-87.0866964769
house,2400000.0,750.0,600.0,Distrito Federal,19.401079,-99.24807
apartment,447835.11,225.0,190.0,Distrito Federal,19.3955732459,-99.1732661426
house,3900000.0,800.0,1200.0,Quintana Roo,21.1713697276,-86.8076798916
house,237145.4,324.0,228.0,Quintana Roo,21.1371662556,-86.7524199496
apartment,375000.0,249.0,113.0,Quintana Roo,20.2016654,-87.4605774
apartment,1200000.0,0.0,553.0,Distrito Federal,19.401079,-99.24807
house,136984.85,120.0,250.0,Quintana Roo,21.161908,-86.8515279
store,260859.94,592.0,592.0,Distrito Federal,19.423275,-99.1305663
house,5000000.0,1307.0,1216.0,Distrito Federal,19.3437444,-99.1561883
apartment,142516.93,0.0,64.0,Distrito Federal,19.369862,-99.268166
store,275000.0,93.0,0.0,Quintana Roo,20.6303644302,-87.0692145824
house,131716.2,310.0,265.0,Distrito Federal,19.2413678009,-99.1087105823
apartment,370000.0,182.0,0.0,Quintana Roo,21.1902642,-86.8198375
apartment,57855.09,0.0,63.0,Distrito Federal,19.2990233,-99.0436467
house,68508.67,0.0,0.0,Quintana Roo,21.1343042265,-86.8347358704
house,63080.67,110.0,104.0,Quintana Roo,21.1222550786,-86.8802690506
house,47270.98,160.0,177.0,Quintana Roo,21.1336637649,-86.855764389
apartment,30558.16,57.0,57.0,Distrito Federal,19.3471146,-99.0038712
house,194986.21,200.0,230.0,Distrito Federal,19.332314,-99.325691
apartment,92201.34,0.0,0.0,Distrito Federal,19.3803746,-99.1491002
house,421591.82,403.0,453.0,Distrito Federal,19.3605334,-99.2267067
apartment,948581.6,0.0,279.0,Distrito Federal,19.346647,-99.275787
house,68508.67,160.0,130.0,Quintana Roo,21.152508,-86.850891
apartment,587000.0,0.0,165.0,Solidaridad,20.626583,-87.078659
house,350000.0,385.0,272.0,Quintana Roo,20.6295586,-87.0738851
house,460000.0,480.0,516.0,Quintana Roo,20.503029,-87.222649
apartment,705036.0,172.0,172.0,Distrito Federal,19.4317147,-99.191166
house,230000.0,0.0,0.0,Quintana Roo,20.6473061,-87.0597368
apartment,275000.0,0.0,86.0,Solidaridad,20.6295586,-87.0738851
apartment,1590000.0,0.0,300.0,Quintana Roo,21.1347621,-86.7461357
apartment,169650.47,0.0,100.0,Distrito Federal,19.4856387,-99.1083012
house,104870.96,223.0,155.0,Quintana Roo,18.5001889,-88.296146
apartment,830000.0,0.0,600.0,Distrito Federal,19.390415,-99.254997
apartment,54267.07,48.0,48.0,Distrito Federal,19.399121,-99.1414643
house,471655.85,102.0,187.0,Distrito Federal,19.41498,-99.177444
apartment,1400000.0,450.0,450.0,Distrito Federal,19.433173,-99.1863574
house,68492.42,120.0,160.0,Quintana Roo,21.139086,-86.84964
apartment,550000.0,243.0,243.0,Distrito Federal,19.4376344,-99.2099821
apartment,34254.33,69.0,652.0,Distrito Federal,19.4738499643,-99.165738523
house,19182.42,66.0,64.0,Quintana Roo,21.163368,-86.874725
house,81664.04,144.0,147.0,Quintana Roo,21.129547,-86.817017
house,549000.0,350.0,270.0,Quintana Roo,21.129547,-86.817017
house,6500000.0,1010.0,1170.0,Quintana Roo,21.129547,-86.817017
house,237145.4,517.0,280.0,Distrito Federal,19.2947723,-99.2317638
house,136457.99,373.0,247.0,Distrito Federal,19.3563182,-99.2882606
apartment,107033.04,0.0,61.0,Distrito Federal,19.4306069,-99.0949899
apartment,382461.0,129.0,129.0,Quintana Roo,20.6359608335,-87.0632513613
apartment,350000.0,215.0,180.0,Quintana Roo,20.2015542717,-87.4612891674
house,1027630.07,869.0,600.0,Quintana Roo,21.1295466,-86.8170132
apartment,170000.0,144.0,144.0,Quintana Roo,20.209438,-87.467918
house,154934.99,160.0,252.0,Quintana Roo,21.149761,-86.863434
apartment,432131.62,0.0,230.0,Distrito Federal,19.3484398,-99.2355858
apartment,142253.5,138.0,130.0,Distrito Federal,19.2748808,-99.215197
apartment,144887.83,0.0,65.0,Distrito Federal,19.3584291921,-99.1948563607
apartment,23035.4,52.0,52.0,Distrito Federal,19.2859196,-99.0436792
apartment,537529.57,0.0,200.0,Distrito Federal,19.3034480252,-99.223408699
house,1800000.0,391.0,309.0,Distrito Federal,19.401657756,-99.2303148508
apartment,300000.0,177.0,177.0,Quintana Roo,20.6311626739,-87.0663553476
apartment,102552.21,60.0,60.0,Distrito Federal,19.3706856,-99.1409936
house,387337.48,235.0,260.0,Distrito Federal,19.29103348,-99.2153406143
apartment,1700000.0,187.0,187.0,Solidaridad,20.626583,-87.078659
house,4200000.0,1121.0,740.0,Distrito Federal,19.420166,-99.220367
apartment,173432.33,0.0,90.0,Distrito Federal,19.382013,-99.188522
house,395000.0,450.0,273.0,Quintana Roo,20.3671587022,-87.33959198
apartment,915712.0,187.0,187.0,Distrito Federal,19.4341322,-99.2040981
apartment,7825.79,48.0,48.0,Distrito Federal,19.2834536638,-99.0550169349
apartment,116359.34,0.0,0.0,Distrito Federal,19.308318401,-99.1361510754
house,192305.66,180.0,262.0,Quintana Roo,21.139641,-86.879738
apartment,340000.0,169.0,169.0,Quintana Roo,21.1295466,-86.8170132
apartment,121207.64,60.0,60.0,Distrito Federal,19.3392293,-99.2189838
house,142287.24,160.0,190.0,Quintana Roo,21.1120465627,-86.8525886536
house,47429.08,65.0,92.0,Quintana Roo,20.6587271231,-87.0937728882
apartment,476925.75,0.0,255.0,Quintana Roo,21.1718364455,-86.8189483881
apartment,102763.0,0.0,180.0,Quintana Roo,21.1349388,-86.880232
apartment,131747.44,84.0,84.0,Distrito Federal,19.3725316,-99.1384934
apartment,265234.0,3000.0,156.0,Quintana Roo,20.626583,-87.078659
house,1950000.0,1140.0,601.0,Quintana Roo,21.1264428817,-86.7646846175
house,105109.53,112.0,150.0,Quintana Roo,21.0950708483,-86.8675231934
apartment,171271.67,0.0,96.0,Distrito Federal,19.3156447,-99.2319303
apartment,343597.33,254.0,172.0,Distrito Federal,19.3916143,-99.1854946
apartment,265670.35,99.0,99.0,Distrito Federal,19.3867842,-99.1771664
house,329368.61,160.0,250.0,Distrito Federal,19.3548581017,-99.1256304458
apartment,50064.02,60.0,0.0,Distrito Federal,19.5250552,-99.1712174
apartment,41895.68,43.0,43.0,Distrito Federal,19.4489428,-99.1458353
apartment,763954.01,297.0,297.0,Distrito Federal,19.392937,-99.263313
house,36880.53,112.0,66.0,Quintana Roo,21.139086,-86.84964
apartment,7823.94,50.0,50.0,Distrito Federal,19.2833321409,-99.0551456809
house,908841.84,1158.0,0.0,Distrito Federal,19.3436746,-99.1869121
house,159000.0,468.0,120.0,Quintana Roo,18.7138888,-87.7094444
house,395242.33,300.0,330.0,Distrito Federal,19.3404974,-99.2502405
apartment,154347.16,0.0,85.0,Distrito Federal,19.3723335,-99.1905974
apartment,133960.8,156.0,156.0,Quintana Roo,21.1052262402,-86.8645242826
apartment,115910.26,0.0,94.0,Distrito Federal,19.364891,-99.148384
apartment,1415000.0,255.0,255.0,Distrito Federal,19.4332386,-99.1933503
apartment,255590.04,115.0,115.0,Distrito Federal,19.4029724,-99.1804866
apartment,31619.38,55.0,55.0,Distrito Federal,19.3948036,-99.0976808
house,87743.79,200.0,200.0,Distrito Federal,19.5044944912,-99.0890749544
house,843183.65,800.0,800.0,Distrito Federal,19.401079,-99.24807
apartment,147557.13,0.0,80.0,Distrito Federal,19.3499358,-99.2906864
house,111721.83,167.0,111.0,Distrito Federal,19.3452990317,-99.2764798924
house,51644.99,160.0,100.0,Quintana Roo,21.196655,-86.823288
house,1396522.92,1900.0,950.0,Distrito Federal,19.3188165,-99.2379864
store,368805.38,0.0,897.0,Distrito Federal,19.4235631439,-99.1304154395
house,632237.8,400.0,650.0,Distrito Federal,19.2749893,-99.1559855
apartment,134382.39,78.0,78.0,Distrito Federal,19.3940734,-99.1539178
apartment,64819.74,0.0,90.0,Distrito Federal,19.3368492055,-99.1763359308
house,202891.06,220.0,220.0,Quintana Roo,21.1282657,-86.7643868
apartment,168636.73,242.0,242.0,Quintana Roo,21.1391626382,-86.8318685889
apartment,155000.0,78.0,62.0,Quintana Roo,21.129547,-86.817017
house,426861.72,0.0,0.0,Quintana Roo,21.139086,-86.84964
apartment,89588.26,0.0,53.0,Distrito Federal,19.405298,-99.164986
apartment,1500000.0,22000.0,263.0,Quintana Roo,21.1297483827,-86.7496709526
house,283520.5,250.0,221.0,Distrito Federal,19.2831289,-99.2217537
house,127764.72,130.0,170.0,Quintana Roo,21.1983978,-86.826621
apartment,65248.6,63.0,63.0,Distrito Federal,19.281164,-99.20237
apartment,202889.06,0.0,0.0,Quintana Roo,21.1108592767,-86.8539746851
apartment,265000.0,131.0,113.0,Quintana Roo,20.2019519902,-87.4617558718
house,1633668.32,701.0,830.0,Distrito Federal,19.401079,-99.24807
apartment,600000.0,256.0,256.0,Quintana Roo,21.130427472,-86.7482768516
apartment,168636.73,0.0,108.0,Distrito Federal,19.366081,-99.139389
apartment,36880.53,71.0,71.0,Distrito Federal,19.281785669,-99.1876251253
apartment,240000.0,0.0,110.0,Quintana Roo,20.6354751255,-87.07062006
apartment,184446.42,95.0,95.0,Distrito Federal,19.3263891,-99.128957
apartment,220000.0,115.0,115.0,Quintana Roo,20.6354487693,-87.0705255121
apartment,42159.18,59.0,59.0,Distrito Federal,19.4558087159,-99.2047029734
apartment,206105.7,89.0,89.0,Distrito Federal,19.4375378206,-99.172296524
house,44783.51,97.0,200.0,Quintana Roo,20.6530650471,-87.0799494535
house,110641.61,144.0,63.0,Distrito Federal,19.3467093,-99.0798926
apartment,325000.0,0.0,0.0,Quintana Roo,20.630901,-87.069916
house,521069.32,600.0,780.0,Quintana Roo,21.2333853,-86.8014765
apartment,270872.74,124.0,124.0,Distrito Federal,19.3930798,-99.162557
apartment,1607500.0,0.0,321.0,Solidaridad,20.6607349009,-87.041759491
apartment,250000.0,0.0,84.0,Quintana Roo,21.1195147989,-86.7687481642
apartment,52698.97,89.0,89.0,Quintana Roo,21.139641,-86.879738
apartment,524618.32,0.0,240.0,Distrito Federal,19.3765376,-99.1757994
house,233983.46,0.0,137.0,Distrito Federal,19.3639851653,-99.1546271369
apartment,45170.23,0.0,59.0,Distrito Federal,19.3339242,-99.158415
apartment,284507.01,161.0,105.0,Distrito Federal,19.368544,-99.163605
apartment,173812.71,66.0,66.0,Distrito Federal,19.430267,-99.137314
apartment,152827.03,0.0,78.0,Distrito Federal,19.3499358,-99.2906864
house,2000000.0,300.0,490.0,Quintana Roo,21.1567186394,-86.7970561981
house,179176.52,320.0,150.0,Quintana Roo,21.1106793,-86.8428184
apartment,255000.0,109.0,99.0,Quintana Roo,20.626583,-87.078659
house,195000.0,118.0,110.0,Quintana Roo,21.139086,-86.84964
apartment,126477.54,0.0,141.0,Quintana Roo,20.6318684246,-87.0911516948
apartment,185551.25,0.0,0.0,Distrito Federal,19.380747,-99.155304
house,1299000.0,0.0,443.0,Quintana Roo,21.0438116424,-86.7834091187
house,320000.0,165.0,165.0,Quintana Roo,20.6376313055,-87.0697000623
house,125950.55,160.0,235.0,Quintana Roo,21.1074900351,-86.8558113277
apartment,72211.15,67.0,67.0,Distrito Federal,19.426974,-99.10489
apartment,295114.27,238.0,238.0,Distrito Federal,19.3603747632,-99.2703956366
apartment,6743.86,70.0,70.0,Quintana Roo,20.2013528948,-87.4493694305
apartment,270625.06,76.0,76.0,Distrito Federal,19.355921,-99.180214
apartment,226551.88,0.0,87.0,Distrito Federal,19.4141764,-99.1668407
apartment,42159.18,63.0,63.0,Distrito Federal,19.3672829798,-99.206379354
house,237145.4,189.0,218.0,Distrito Federal,19.3484479116,-99.2538289726
apartment,785214.77,192.0,192.0,Distrito Federal,19.4330124,-99.1998014
house,97469.99,138.0,149.0,Quintana Roo,21.1490089383,-86.8718456583
apartment,456000.0,0.0,189.0,Quintana Roo,21.1379694,-86.7511469
apartment,121207.64,0.0,68.0,Distrito Federal,19.372334,-99.190598
apartment,57955.13,49.0,49.0,Distrito Federal,19.3324895,-99.1257361
apartment,700000.0,0.0,310.0,Distrito Federal,19.4327569002,-99.1846282478
house,416223.22,242.0,455.0,Distrito Federal,19.295734,-99.146996
apartment,147557.13,0.0,78.0,Distrito Federal,19.3539321,-99.291726
apartment,64292.75,26.0,78.0,Distrito Federal,19.4795898,-99.1191274
apartment,225041.55,120.0,120.0,Distrito Federal,19.4032833,-99.1821858
house,77994.48,0.0,0.0,Distrito Federal,19.319592,-99.243225
apartment,2700000.0,600.0,600.0,Distrito Federal,19.3800745,-99.2658835
house,110114.75,168.0,128.0,Solidaridad,20.6490525,-87.0736068
house,110667.85,270.0,150.0,Quintana Roo,20.2088602,-87.4653115
apartment,184446.42,180.0,180.0,Quintana Roo,20.626583,-87.078659
house,273969.71,305.0,300.0,Distrito Federal,19.2955945,-99.1497664
apartment,81683.41,82.0,82.0,Distrito Federal,19.4005128,-99.1895024
house,289844.37,396.0,345.0,Quintana Roo,21.0505404202,-86.8503570557
apartment,3400000.0,800.0,575.0,Distrito Federal,19.3974232,-99.2322876
house,170217.69,182.0,138.0,Distrito Federal,19.2969472144,-99.1207122803
apartment,250320.14,123.0,157.0,Distrito Federal,19.3447,-99.212753
house,194986.21,150.0,160.0,Distrito Federal,19.4935579977,-99.1368699074
house,471655.85,538.0,400.0,Quintana Roo,21.1673759,-86.8207766
house,4950000.0,3794.0,850.0,Distrito Federal,19.3841246424,-99.2682632804
house,1212076.49,6710.0,1100.0,Distrito Federal,19.2486236,-99.187689
house,579688.75,209.0,300.0,Distrito Federal,19.3481367,-99.2030585
apartment,110667.85,57.0,57.0,Distrito Federal,19.339581,-99.197517
house,31619.38,125.0,110.0,Quintana Roo,21.161908,-86.8515279
house,115910.26,187.0,345.0,Distrito Federal,19.3356936,-99.1379143
house,344147.0,835.0,207.0,Quintana Roo,20.9132213028,-86.8745613098
apartment,81683.41,60.0,60.0,Distrito Federal,19.4582517611,-99.1401529312
apartment,175000.0,214.0,102.0,Quintana Roo,20.6133752,-87.0898943
house,1600000.0,500.0,550.0,Distrito Federal,19.420166,-99.220367
house,191349.98,276.0,160.0,Quintana Roo,21.129547,-86.817017
apartment,843183.65,260.0,260.0,Distrito Federal,19.301781,-99.20237
apartment,193917.74,0.0,171.0,Quintana Roo,21.1106133108,-86.8537216184
apartment,213197.0,3000.0,125.0,Quintana Roo,20.626583,-87.078659
house,350000.0,166.0,166.0,Quintana Roo,21.1115661446,-86.7692856799
apartment,358353.05,145.0,145.0,Distrito Federal,19.3862357369,-99.2252532206
apartment,115937.75,0.0,80.0,Distrito Federal,19.3850304397,-99.1645932198
house,137017.34,160.0,172.0,Quintana Roo,21.161908,-86.8515279
apartment,46111.6,62.0,62.0,Distrito Federal,19.307033,-99.1675842
apartment,147557.13,0.0,80.0,Distrito Federal,19.3499358,-99.2906864
house,1500000.0,1200.0,900.0,Distrito Federal,19.3870901,-99.2407996
apartment,26764.23,55.0,55.0,Distrito Federal,19.337688,-99.059181
apartment,372432.37,145.0,137.0,Distrito Federal,19.4201028,-99.1712969
house,2400000.0,830.0,700.0,Distrito Federal,19.420166,-99.220367
apartment,974931.09,340.0,340.0,Distrito Federal,19.4121228,-99.2398942
house,115147.26,112.0,156.0,Quintana Roo,21.1404631,-86.8637503
house,471655.85,520.0,410.0,Distrito Federal,19.3466789281,-99.2360901833
house,84318.36,120.0,180.0,Quintana Roo,21.139086,-86.84964
apartment,81683.41,80.0,80.0,Distrito Federal,19.2738496,-99.1566726
apartment,2500000.0,433.0,433.0,Distrito Federal,19.433077,-99.198212
apartment,54166.48,0.0,60.0,Distrito Federal,19.2990233,-99.0436467
apartment,105372.96,126.0,126.0,Distrito Federal,19.4261769,-99.1738149
apartment,77730.99,68.0,68.0,Distrito Federal,19.3928098,-99.1497664
house,61657.8,140.0,208.0,Distrito Federal,19.3071894183,-99.0558323264
apartment,118467.3,0.0,60.0,Distrito Federal,19.4574273007,-99.1762598231
apartment,29052.9,65.0,54.0,Distrito Federal,19.370010759,-99.0080487728
apartment,3800000.0,734.0,734.0,Distrito Federal,19.4346657953,-99.1872322981
apartment,68492.42,0.0,0.0,Distrito Federal,19.4301322,-99.1691413
house,1000000.0,551.0,270.0,Distrito Federal,19.3437444,-99.1561883
apartment,151000.0,0.0,0.0,Quintana Roo,20.1997998,-87.454707
house,922232.11,380.0,320.0,Distrito Federal,19.40403,-99.233528
apartment,1291124.96,250.0,250.0,Distrito Federal,19.433077,-99.198212
house,100128.05,108.0,220.0,Distrito Federal,19.3382905472,-99.026472196
house,158096.93,200.0,200.0,Quintana Roo,20.626583,-87.078659
house,2213357.08,2037.0,1203.0,Distrito Federal,19.3605334,-99.2267067
apartment,364058.86,203.0,203.0,Quintana Roo,21.129547,-86.817017
apartment,279304.58,264.0,264.0,Quintana Roo,21.1136543,-86.8414847
apartment,54962.71,0.0,69.0,Distrito Federal,19.2990233,-99.0436467
apartment,421591.82,0.0,168.0,Distrito Federal,19.382275,-99.270241
apartment,268764.29,0.0,84.0,Distrito Federal,19.3829676434,-99.1559457779
house,184402.69,280.0,241.0,Distrito Federal,19.4010556,-99.0725663
apartment,209000.0,0.0,104.0,Quintana Roo,20.6273571727,-87.253113538
apartment,375000.0,0.0,214.0,Quintana Roo,21.161908,-86.8515279
apartment,800000.0,0.0,315.0,Distrito Federal,19.390415,-99.254997
house,679655.64,476.0,650.0,Quintana Roo,21.1337575827,-86.7623718828
apartment,154987.69,82.0,82.0,Distrito Federal,19.394073,-99.153915
apartment,1066000.0,0.0,248.0,Distrito Federal,19.430456,-99.1889121
apartment,99900.0,0.0,51.0,Quintana Roo,21.2021124343,-86.8050464988
house,920000.0,220.0,353.0,Distrito Federal,19.4314004,-99.1607232
apartment,129644.46,83.0,64.0,Distrito Federal,19.3638234,-99.1444714
house,181811.47,160.0,220.0,Quintana Roo,21.139086,-86.84964
apartment,207690.11,75.0,75.0,Distrito Federal,19.3755039,-99.1630337
house,247685.19,0.0,319.0,Quintana Roo,21.1138993,-86.8443431
house,816000.0,816.0,470.0,Distrito Federal,19.401079,-99.24807
apartment,102499.51,0.0,0.0,Distrito Federal,19.3731987,-99.1469564
house,632237.8,475.0,275.0,Distrito Federal,19.3423115,-99.2267035
apartment,310009.64,0.0,134.0,Distrito Federal,19.357464,-99.207909
house,221208.0,99.0,138.0,Quintana Roo,20.2006279359,-87.4521589279
house,268764.78,160.0,233.0,Distrito Federal,19.46731,-99.133163
apartment,521719.88,200.0,200.0,Distrito Federal,19.382275,-99.270241
apartment,368000.0,6000.0,149.0,Quintana Roo,21.1221650065,-86.7698210478
apartment,370000.0,0.0,147.0,Quintana Roo,21.1295466,-86.8170132
apartment,226551.88,102.0,102.0,Distrito Federal,19.3319317,-99.2466874
apartment,163366.83,0.0,82.0,Distrito Federal,19.382013,-99.188522
apartment,120000.0,60.0,60.0,Quintana Roo,20.630901,-87.069916
house,628171.81,426.0,490.0,Distrito Federal,19.3049333,-99.1836755
apartment,245050.24,190.0,145.0,Distrito Federal,19.3418937,-99.2245237
store,1027386.43,300.0,300.0,Quintana Roo,21.161908,-86.8515279
apartment,260000.0,0.0,150.0,Quintana Roo,20.6295586,-87.0738851
apartment,364058.86,0.0,203.0,Quintana Roo,21.1902642,-86.8198375
apartment,77994.48,89.0,89.0,Quintana Roo,20.6522618987,-87.0917129517
apartment,197621.16,0.0,147.0,Quintana Roo,21.1469834624,-86.8230700495
house,184446.42,900.0,420.0,Quintana Roo,21.161908,-86.8515279
store,368892.84,320.0,1140.0,Distrito Federal,19.5167686,-99.1403402
apartment,579688.75,200.0,200.0,Distrito Federal,19.440935,-99.188522
apartment,34246.21,0.0,60.0,Distrito Federal,19.325848,-99.075081
apartment,340000.0,110.0,220.0,Quintana Roo,20.6474968824,-87.0579942316
apartment,1812958.0,297.0,297.0,Distrito Federal,19.4354835,-99.2106606
house,700000.0,452.0,448.0,Quintana Roo,21.1347621,-86.7461357
house,2300000.0,519.0,585.0,Distrito Federal,19.399401,-99.237686
apartment,42686.17,60.0,60.0,Distrito Federal,19.4557176701,-99.2047029734
apartment,33911.79,43.0,43.0,Distrito Federal,19.456348,-99.2046289
apartment,435000.0,210.0,210.0,Quintana Roo,21.129547,-86.817017
apartment,670000.0,180.0,180.0,Distrito Federal,19.4325773,-99.1880862
apartment,86362.73,0.0,121.0,Distrito Federal,19.2990233,-99.0436467
apartment,25559.0,44.0,44.0,Distrito Federal,19.3077159404,-99.0522274375
house,8000000.0,1000.0,1050.0,Quintana Roo,21.1361119343,-86.7595524791
apartment,1450000.0,450.0,450.0,Distrito Federal,19.401079,-99.24807
apartment,162393.9,97.0,97.0,Distrito Federal,19.403483,-99.153132
apartment,114883.77,0.0,77.0,Distrito Federal,19.3744098,-99.1459317
apartment,93255.07,54.0,54.0,Distrito Federal,19.3706856,-99.1409936
house,110588.92,200.0,180.0,Quintana Roo,21.129547,-86.817017
apartment,262967.9,109.0,109.0,Distrito Federal,19.380747,-99.155304
apartment,163366.83,0.0,80.0,Distrito Federal,19.3499358,-99.2906864
apartment,226605.6,102.0,102.0,Distrito Federal,19.3339183962,-99.2398104072
apartment,16864.94,49.0,48.0,Distrito Federal,19.4468231,-99.1303962
house,42149.18,100.0,0.0,Distrito Federal,19.281164,-99.20237
apartment,122570.0,0.0,95.0,Quintana Roo,20.1999029736,-87.4531459808
apartment,1500000.0,0.0,480.0,Distrito Federal,19.390415,-99.254997
house,342462.14,640.0,420.0,Quintana Roo,21.1054807147,-86.8409156799
house,341935.27,267.0,426.0,Distrito Federal,19.3794059,-99.1591446
apartment,240000.0,92.0,92.0,Quintana Roo,20.6335714,-87.0726634
apartment,134382.39,0.0,0.0,Quintana Roo,21.129547,-86.817017
apartment,748325.48,0.0,281.0,Distrito Federal,19.3033830521,-99.2247547209
apartment,167582.75,100.0,100.0,Distrito Federal,19.3605334,-99.2267067
apartment,115410.76,0.0,88.0,Distrito Federal,19.272236,-99.2118281
apartment,128406.64,0.0,68.0,Distrito Federal,19.3733676,-99.1337252
house,1317474.45,800.0,600.0,Distrito Federal,19.3605334,-99.2267067
house,1390000.0,322.0,422.0,Quintana Roo,21.129547,-86.817017
house,359000.0,150.0,150.0,Solidaridad,20.6323092006,-87.0662007853
apartment,255590.04,113.0,0.0,Distrito Federal,19.394073,-99.153915
apartment,660000.0,0.0,243.0,Quintana Roo,21.1626418818,-86.8084716797
apartment,583072.45,329.0,293.0,Distrito Federal,19.4430972061,-99.2028602958
house,44794.13,124.0,91.0,Distrito Federal,19.344186824,-98.9929283828
apartment,341408.41,130.0,130.0,Distrito Federal,19.4378793,-99.1963608
apartment,1650000.0,4400.0,425.0,Distrito Federal,19.420166,-99.220367
apartment,78784.97,0.0,65.0,Quintana Roo,20.6200596823,-87.0860521495
house,121207.64,110.0,194.0,Quintana Roo,21.094079871,-86.869084239
house,205477.28,268.0,348.0,Distrito Federal,19.3260672,-99.138011
apartment,45848.11,60.0,60.0,Distrito Federal,19.328411,-99.286873
apartment,100083.08,46.0,46.0,Distrito Federal,19.430267,-99.137314
apartment,76413.51,0.0,0.0,Quintana Roo,20.626583,-87.078659
house,247685.19,150.0,379.0,Distrito Federal,19.3282173404,-99.1231926531
house,45321.12,88.0,81.0,Quintana Roo,20.6721686891,-87.0721435547
apartment,41622.32,0.0,33.0,Distrito Federal,19.373161,-99.130394
apartment,46902.09,60.0,60.0,Distrito Federal,19.4518716,-99.1735223
apartment,112857.34,106.0,106.0,Quintana Roo,21.129547,-86.817017
apartment,226605.6,110.0,0.0,Distrito Federal,19.3152042,-99.1398792
house,2371454.01,0.0,600.0,Distrito Federal,19.382275,-99.270241
house,47429.08,117.0,79.0,Distrito Federal,19.446041,-99.102043
apartment,384084.46,0.0,118.0,Distrito Federal,19.4271516,-99.1685306
apartment,39524.23,80.0,80.0,Quintana Roo,21.139086,-86.84964
apartment,260000.0,1000.0,120.0,Quintana Roo,20.8689674571,-86.8670403957
apartment,139996.67,0.0,78.0,Distrito Federal,19.3743553,-99.1383819
apartment,131346.93,0.0,83.0,Distrito Federal,19.3794059,-99.1591446
apartment,27403.46,60.0,0.0,Distrito Federal,19.4454194,-99.15331
apartment,360500.0,116.0,0.0,Quintana Roo,20.6423306,-87.0893844
apartment,26349.48,41.0,41.0,Distrito Federal,19.3811056191,-99.1797477007
apartment,86953.31,0.0,108.0,Distrito Federal,19.3010279716,-99.1442191601
house,68508.67,0.0,0.0,Quintana Roo,21.139641,-86.879738
apartment,189716.32,37.0,67.0,Distrito Federal,19.41498,-99.177444
apartment,168636.73,0.0,78.0,Distrito Federal,19.3499358,-99.2906864
house,1000000.0,390.0,525.0,Distrito Federal,19.3024064,-99.2018433
house,105372.96,160.0,260.0,Quintana Roo,21.1773895,-86.817958
apartment,260859.94,113.0,113.0,Distrito Federal,19.3864346,-99.1594925
house,44794.13,58.0,58.0,Quintana Roo,21.146414,-86.843369
apartment,385000.0,118.0,118.0,Distrito Federal,19.390415,-99.254997
apartment,700000.0,11000.0,226.0,Quintana Roo,21.0920803,-86.7710229
house,221335.7,353.0,400.0,Distrito Federal,19.4944738,-99.1175904
house,105372.96,208.0,175.0,Distrito Federal,19.336697,-99.152534
apartment,380000.0,169.0,169.0,Quintana Roo,20.6363185244,-87.0690321922
apartment,194939.99,60.0,60.0,Distrito Federal,19.4431776,-99.2023662
apartment,150000.0,0.0,50.0,Quintana Roo,20.630901,-87.069916
apartment,210268.92,173.0,173.0,Distrito Federal,19.391054,-99.14077
house,395000.0,1129.0,212.0,Quintana Roo,20.5046705254,-87.2178840637
house,550000.0,700.0,500.0,Quintana Roo,21.1076914661,-86.8495094776
apartment,670000.0,239.0,239.0,Quintana Roo,21.129180456,-86.7504286766
house,2213357.08,1234.0,1200.0,Distrito Federal,19.3361523,-99.2596424
house,418956.87,125.0,273.0,Distrito Federal,19.2988509053,-99.2043349744
house,1550000.0,537.0,487.0,Distrito Federal,19.420166,-99.220367
house,370000.0,0.0,180.0,Quintana Roo,20.6128007549,-87.0982789993
house,1580594.51,500.0,700.0,Distrito Federal,19.355751,-99.299347
house,1050000.0,705.0,355.0,Distrito Federal,19.399401,-99.237686
apartment,4500000.0,0.0,873.0,Distrito Federal,19.390415,-99.254997
house,97124.21,129.0,89.0,Distrito Federal,19.284672,-99.220367
apartment,20062.5,0.0,0.0,Distrito Federal,19.378828,-99.017036
apartment,47499.69,0.0,69.0,Quintana Roo,20.65374772,-87.0872497559
apartment,191778.8,0.0,91.0,Distrito Federal,19.3725338,-99.1762997
house,179176.52,150.0,160.0,Distrito Federal,19.3679526,-99.2983107
apartment,237145.4,0.0,185.0,Quintana Roo,21.129547,-86.817017
house,131747.44,96.0,132.0,Quintana Roo,21.148578597,-86.827890873
house,465911.66,0.0,219.0,Distrito Federal,19.376822,-99.174675
apartment,24341.15,20.0,57.0,Distrito Federal,19.3217152,-99.2645126
apartment,425000.0,0.0,213.0,Quintana Roo,20.626583,-87.078659
house,98547.08,110.0,147.0,Quintana Roo,21.161908,-86.8515279
apartment,1440016.0,0.0,233.0,Distrito Federal,19.433077,-99.198212
apartment,320000.0,0.0,204.0,Quintana Roo,21.1295466,-86.8170132
house,226605.6,156.0,365.0,Distrito Federal,19.4602187,-99.1131054
house,326733.66,148.0,350.0,Distrito Federal,19.493973,-99.130394
apartment,280000.0,0.0,180.0,Quintana Roo,20.6353546396,-87.0803833008
apartment,65873.72,0.0,64.0,Distrito Federal,19.3834462,-99.1376427
apartment,486200.0,205.0,205.0,Quintana Roo,20.6214579558,-87.1005213261
house,231875.5,0.0,280.0,Quintana Roo,21.1459321265,-86.7924427986
house,65858.1,168.0,125.0,Quintana Roo,21.129547,-86.817017
apartment,155000.0,140.0,140.0,Quintana Roo,20.613375,-87.089897
house,669277.02,137.0,335.0,Distrito Federal,19.3610402928,-99.2015902698
house,126477.54,140.0,172.0,Distrito Federal,19.3178194,-99.1324714
house,384702.54,670.0,490.0,Quintana Roo,21.05673,-86.8529531
house,31619.38,100.0,68.0,Quintana Roo,20.8724661407,-86.8938732147
apartment,395000.0,89.0,89.0,Solidaridad,20.6257497633,-87.0716588795
apartment,135000.0,52.0,52.0,Quintana Roo,21.129547,-86.817017
house,1264775.47,847.0,640.0,Distrito Federal,19.3551174,-99.2000959
apartment,147522.15,0.0,80.0,Distrito Federal,19.3499358,-99.2906864
apartment,36889.28,0.0,48.0,Distrito Federal,19.260945,-99.126069
house,155461.98,160.0,191.0,Quintana Roo,21.1123668405,-86.8520736694
apartment,374871.54,0.0,125.0,Distrito Federal,19.2464696,-99.1013498
house,102763.0,117.0,143.0,Quintana Roo,21.1983978,-86.826621
apartment,273969.71,0.0,169.0,Distrito Federal,19.367424,-99.185753
apartment,331710.81,197.0,108.0,Distrito Federal,19.3503274,-99.2989735
apartment,212587.67,0.0,103.0,Distrito Federal,19.367424,-99.185753
house,850000.0,700.0,620.0,Quintana Roo,21.161908,-86.8515279
house,276669.63,2500.0,350.0,Quintana Roo,21.158964,-86.845937
apartment,325000.0,99.0,74.0,Quintana Roo,20.6346367423,-87.0666208863
apartment,147557.13,0.0,80.0,Distrito Federal,19.3499358,-99.2906864
house,650000.0,5000.0,220.0,Quintana Roo,21.158964,-86.845937
house,900000.0,600.0,582.0,Quintana Roo,20.4996975,-87.2298974
apartment,153406.72,0.0,74.0,Distrito Federal,19.3807458,-99.1553016
house,605894.56,250.0,550.0,Distrito Federal,19.280588,-99.155304
house,356000.0,340.0,211.0,Quintana Roo,20.6295586,-87.0738851
apartment,500640.29,242.0,310.0,Distrito Federal,19.381729,-99.164986
house,2800000.0,1100.0,1200.0,Distrito Federal,19.3605334,-99.2267067
apartment,229186.2,0.0,102.0,Distrito Federal,19.3319317,-99.2466874
apartment,67438.69,62.0,62.0,Distrito Federal,19.3138777,-99.094271
house,1011820.38,610.0,595.0,Distrito Federal,19.371342,-99.253616
apartment,508424.56,163.0,163.0,Distrito Federal,19.375475784,-99.1658875068
house,366257.89,240.0,380.0,Distrito Federal,19.3418937,-99.2245237
house,194986.21,200.0,260.0,Quintana Roo,21.139086,-86.84964
house,466275.38,83.0,242.0,Distrito Federal,19.3360288,-99.2021638
house,468909.7,110.0,273.0,Distrito Federal,19.3579414,-99.2004799
apartment,49734.13,0.0,70.0,Quintana Roo,20.6538762232,-87.0877175342
apartment,246631.21,0.0,120.0,Distrito Federal,19.3863359934,-99.1677904129
apartment,39524.23,151.0,61.0,Distrito Federal,19.4300346249,-99.1455409528
house,194986.21,160.0,280.0,Quintana Roo,21.139086,-86.84964
apartment,1500000.0,360.0,360.0,Distrito Federal,19.401079,-99.24807
apartment,350000.0,12000.0,170.0,Quintana Roo,20.8988089122,-86.8531680107
house,184446.42,167.0,167.0,Distrito Federal,19.4552624,-99.1783476
house,126447.56,170.0,220.0,Distrito Federal,19.3432702,-99.0294738
apartment,189671.34,0.0,62.0,Distrito Federal,19.394358,-99.177444
house,118572.7,160.0,290.0,Benito Juárez,21.1773896,-86.8179603
apartment,577500.0,0.0,204.0,Quintana Roo,21.1674443367,-86.8095445633
apartment,830008.9,210.0,210.0,Distrito Federal,19.433173,-99.1863574
house,210745.93,250.0,378.0,Distrito Federal,19.2573031,-99.1164872
house,850000.0,388.0,501.0,Quintana Roo,21.1135078247,-86.7680802941
apartment,226605.6,60.0,60.0,Distrito Federal,19.430456,-99.1889121
apartment,350000.0,0.0,201.0,Quintana Roo,21.1197808886,-86.7688490152
apartment,1642144.0,293.0,293.0,Distrito Federal,19.4338054,-99.1922219
house,80000.0,90.0,101.0,Quintana Roo,20.6128296256,-87.1182172
apartment,653467.32,185.0,185.0,Distrito Federal,19.433173,-99.1863574
apartment,134382.39,135.0,135.0,Quintana Roo,21.139086,-86.84964
house,198938.64,75.0,180.0,Distrito Federal,19.281164,-99.20237
house,84298.37,180.0,240.0,Distrito Federal,19.524143,-99.160149
apartment,310923.97,80.0,80.0,Distrito Federal,19.430456,-99.1889121
apartment,92464.77,79.0,79.0,Distrito Federal,19.342083,-99.0532159
house,65858.1,100.0,125.0,Distrito Federal,19.5162721072,-99.0584850311
apartment,268111.32,0.0,87.0,Distrito Federal,19.394358,-99.177444
apartment,711436.2,350.0,350.0,Distrito Federal,19.4357777,-99.2118299
house,105397.95,153.0,220.0,Distrito Federal,19.414261,-99.104118
apartment,31619.38,0.0,68.0,Distrito Federal,19.431252,-99.146999
apartment,2200000.0,450.0,450.0,Distrito Federal,19.4332386,-99.1933503
apartment,620000.0,254.0,254.0,Distrito Federal,19.3944062856,-99.2648433252
apartment,105924.94,62.0,62.0,Distrito Federal,19.366081,-99.139389
apartment,104343.97,92.0,92.0,Quintana Roo,21.161908,-86.8515279
apartment,205526.01,122.0,122.0,Distrito Federal,19.4089477,-99.1802147
apartment,26349.48,54.0,54.0,Distrito Federal,19.3608931,-99.0247978
house,200256.11,352.0,274.0,Distrito Federal,19.496685043,-99.1154588386
apartment,20025.61,0.0,45.0,Distrito Federal,19.3040381,-99.0479188
apartment,49055.95,0.0,70.0,Quintana Roo,20.6538280342,-87.0872497559
house,65873.72,144.0,100.0,Quintana Roo,21.196511,-86.820437
house,737785.69,420.0,1900.0,Distrito Federal,19.472071,-99.097198
house,189716.32,170.0,220.0,Quintana Roo,21.1012367804,-86.8619441986
house,263494.89,370.0,493.0,Distrito Federal,19.2733922704,-99.1623401642
house,102763.0,110.0,145.0,Quintana Roo,21.0953110842,-86.8682212854
apartment,600000.0,0.0,239.0,Quintana Roo,21.129547,-86.817017
apartment,55985.7,0.0,60.0,Distrito Federal,19.2990233,-99.0436467
apartment,187629.44,0.0,165.0,Quintana Roo,21.1108455146,-86.8536014599
apartment,500000.0,100373.0,405.0,Quintana Roo,20.6654480548,-87.030158937
apartment,184402.69,0.0,110.0,Quintana Roo,21.1506269327,-86.8197540566
apartment,198000.0,0.0,140.0,Quintana Roo,20.626583,-87.078659
apartment,2800000.0,0.0,600.0,Distrito Federal,19.390415,-99.254997
house,84298.37,160.0,160.0,Quintana Roo,21.139271,-86.859673
house,900000.0,1300.0,600.0,Quintana Roo,21.056047378,-86.8565690517
house,516449.98,0.0,188.0,Distrito Federal,19.430132,-99.169144
apartment,299000.0,0.0,99.0,Quintana Roo,20.6295586,-87.0738851
house,289775.66,300.0,300.0,Quintana Roo,21.1087511639,-86.845972985
house,155461.98,3400.0,243.0,Quintana Roo,21.1195528927,-86.8388986588
apartment,800000.0,480.0,480.0,Distrito Federal,19.3887473,-99.2561504
apartment,468000.0,380.0,380.0,Quintana Roo,20.6192395846,-87.086031919
house,447835.11,535.0,510.0,Quintana Roo,21.1073499091,-86.8414159119
house,242415.29,744.0,240.0,Distrito Federal,19.3037338,-99.2518844
house,1580969.34,315.0,315.0,Distrito Federal,19.4309816491,-99.1994404793
house,342543.35,0.0,173.0,Distrito Federal,19.3670983,-99.1624422
apartment,24283.68,12.0,51.0,Distrito Federal,19.342083,-99.0532159
house,974699.95,900.0,700.0,Distrito Federal,19.3294768,-99.2294685
apartment,73778.56,0.0,91.0,Distrito Federal,19.355751,-99.299347
apartment,34246.21,70.0,70.0,Quintana Roo,21.1604717493,-86.8370397561
apartment,294800.0,89.0,89.0,Quintana Roo,20.626583,-87.078659
apartment,453211.21,265.0,310.0,Distrito Federal,19.381729,-99.164986
house,168636.73,0.0,0.0,Distrito Federal,19.3532879,-99.2447207
house,790484.67,429.0,370.0,Distrito Federal,19.3440464,-99.2162263
house,65858.1,0.0,0.0,Zacatecas,22.945942,-102.6997514
apartment,66400.71,48.0,48.0,Distrito Federal,19.2981689,-99.1131054
apartment,119626.68,65.0,65.0,Distrito Federal,19.380392,-99.14769
apartment,44604.19,49.0,49.0,Distrito Federal,19.235328,-99.121824
apartment,856358.39,0.0,165.0,Distrito Federal,19.4366635,-99.193057
house,2350000.0,470.0,0.0,Quintana Roo,21.129547,-86.817017
apartment,189716.32,5000.0,0.0,Quintana Roo,21.082655,-86.857162
apartment,226551.88,108.0,108.0,Distrito Federal,19.3753941,-99.1820661
apartment,830000.0,0.0,250.0,Distrito Federal,19.390982,-99.243919
house,421591.82,430.0,513.0,Distrito Federal,19.3605334,-99.2267067
apartment,474290.8,300.0,300.0,Quintana Roo,21.1579193,-86.8238997
apartment,42949.66,71.0,71.0,Distrito Federal,19.2812510467,-99.1872954369
apartment,474178.35,0.0,280.0,Distrito Federal,19.390415,-99.254997
house,550000.0,304.0,588.0,Quintana Roo,21.161908,-86.8515279
apartment,35308.31,22.0,49.0,Distrito Federal,19.425659624,-99.060587883
apartment,263190.06,0.0,107.0,Distrito Federal,19.436516,-99.173988
apartment,238000.0,0.0,175.0,Quintana Roo,21.129547,-86.817017
apartment,141463.2,67.0,67.0,Distrito Federal,19.3674235,-99.185752
apartment,605894.56,244.0,244.0,Quintana Roo,21.129547,-86.817017
apartment,259573.92,91.0,91.0,Distrito Federal,19.3867842,-99.1771664
house,118572.7,0.0,0.0,Quintana Roo,21.129547,-86.817017
house,137017.34,194.0,289.0,Quintana Roo,21.1442996,-86.8480258
apartment,800200.0,0.0,170.0,Distrito Federal,19.4366477,-99.2004096
house,553339.27,476.0,860.0,Distrito Federal,19.4531418,-99.1802147
store,565000.0,0.0,165.0,Solidaridad,20.6303717601,-87.0689485074
house,134382.39,0.0,125.0,Quintana Roo,21.159901519,-86.8224771995
house,469020.9,143.0,410.0,Distrito Federal,19.3468718,-99.2373664
apartment,147557.13,0.0,0.0,Quintana Roo,21.129547,-86.817017
apartment,275000.0,186.0,186.0,Quintana Roo,20.5313266156,-86.9397154664
house,497887.27,0.0,215.0,Distrito Federal,19.3652461,-99.2010382
apartment,48189.52,102.0,102.0,Distrito Federal,19.481344,-99.146996
house,88534.28,120.0,160.0,Distrito Federal,19.353788,-99.105499
apartment,1120000.0,0.0,361.0,Solidaridad,20.6295586,-87.0738851
apartment,470793.45,197.0,191.0,Distrito Federal,19.347138,-99.2561697
store,295000.0,1250.0,510.0,Quintana Roo,20.5111307018,-86.9415776432
house,685086.71,500.0,500.0,Distrito Federal,19.2863543,-99.2162139
house,2050000.0,600.0,600.0,Distrito Federal,19.401079,-99.24807
apartment,46258.73,0.0,0.0,Distrito Federal,19.328705,-99.164986
apartment,368892.84,0.0,180.0,Distrito Federal,19.390982,-99.243919
apartment,200000.0,44.0,44.0,Quintana Roo,21.1347621,-86.7461357
house,392000.0,500.0,800.0,Solidaridad,20.6774164,-87.0480615
house,658737.22,589.0,420.0,Distrito Federal,19.355751,-99.299347
apartment,28984.43,0.0,60.0,Distrito Federal,19.3324251,-99.0617338
house,51855.79,92.0,90.0,Quintana Roo,20.6666777674,-87.0554924011
apartment,163328.09,0.0,0.0,Quintana Roo,21.129547,-86.817017
apartment,303019.12,124.0,124.0,Distrito Federal,19.4116348,-99.161045
house,157796.01,224.0,180.0,Quintana Roo,21.139086,-86.84964
house,339000.0,0.0,210.0,Quintana Roo,20.6106329258,-87.0971953869
apartment,280818.95,0.0,141.0,Distrito Federal,19.381729,-99.164986
apartment,63223.78,112.0,112.0,Quintana Roo,20.5116055009,-86.9464874268
house,158096.93,1000.0,250.0,Quintana Roo,21.1166981,-86.8423014
apartment,90620.75,0.0,0.0,Distrito Federal,19.2857625829,-99.2257368565
house,166001.78,65.0,140.0,Distrito Federal,19.291964,-99.221756
apartment,60589.45,78.0,83.0,Distrito Federal,19.2593219936,-99.1264776886
apartment,190198.2,94.0,94.0,Distrito Federal,19.394073,-99.153915
apartment,900000.0,187.0,187.0,Distrito Federal,19.4363265,-99.1855329
apartment,53963.75,72.0,72.0,Distrito Federal,19.4179244,-99.104437
apartment,34254.33,59.0,59.0,Distrito Federal,19.524143,-99.160149
apartment,595498.45,256.0,256.0,Distrito Federal,19.390415,-99.254997
store,36702.0,0.0,150.0,Quintana Roo,20.6227532,-87.0752177
apartment,40645.77,70.0,72.0,Distrito Federal,19.2790911,-99.2114234
house,790000.0,500.0,480.0,Distrito Federal,19.401079,-99.24807
house,68508.67,120.0,150.0,Distrito Federal,19.386753,-99.094437
house,474290.8,750.0,620.0,Quintana Roo,21.1060512343,-86.8443006277
house,94858.16,270.0,0.0,Distrito Federal,19.214554,-99.20929
house,133154.5,305.0,259.0,Distrito Federal,19.3428597732,-99.1332582013
apartment,132000.0,107.0,107.0,Quintana Roo,20.65593,-87.05368
house,210795.91,400.0,370.0,Quintana Roo,21.1353179,-86.8608315
house,210745.93,400.0,360.0,Quintana Roo,21.161908,-86.8515279
apartment,1053979.56,0.0,350.0,Distrito Federal,19.4299556,-99.1596735
house,342462.14,342.0,310.0,Quintana Roo,20.6795464888,-87.0381116867
apartment,195500.0,110.0,110.0,Quintana Roo,20.1997998,-87.454707
house,189716.32,10000.0,200.0,Quintana Roo,21.082655,-86.857162
apartment,421591.82,174.0,174.0,Distrito Federal,19.4149803,-99.1774462
house,1600000.0,650.0,700.0,Distrito Federal,19.401079,-99.24807
apartment,260000.0,89.0,89.0,Solidaridad,20.596794,-87.116089
house,289844.37,300.0,350.0,Quintana Roo,21.1098846687,-86.8443059921
apartment,400000.0,0.0,141.0,Distrito Federal,19.420166,-99.220367
apartment,368892.84,139.0,139.0,Distrito Federal,19.3631419,-99.2880597
apartment,269000.0,127.0,111.0,Solidaridad,20.6353345586,-87.0691394806
house,495000.0,360.0,300.0,Quintana Roo,21.1857344,-86.8092875
apartment,200256.11,238.0,238.0,Quintana Roo,20.6874277905,-87.0367641445
house,695626.51,731.0,552.0,Distrito Federal,19.401079,-99.24807
apartment,356616.0,1100.0,125.0,Quintana Roo,20.6388558,-87.0662272
house,194986.21,104.0,220.0,Quintana Roo,21.1773666,-86.8179837
house,135330.97,240.0,210.0,Quintana Roo,21.1507701448,-86.8431553245
apartment,252895.12,130.0,0.0,Distrito Federal,19.3344433,-99.2063597
apartment,336219.48,140.0,140.0,Distrito Federal,19.3353804658,-99.1962175354
apartment,35703.55,68.0,68.0,Quintana Roo,21.1360254534,-86.8494129181
house,246104.22,400.0,337.0,Quintana Roo,21.139086,-86.84964
house,36880.53,0.0,0.0,Quintana Roo,21.175814,-86.823288
apartment,1264248.48,418.0,418.0,Distrito Federal,19.433077,-99.198212
house,906207.52,320.0,650.0,Distrito Federal,19.401079,-99.24807
house,1350000.0,1150.0,500.0,Distrito Federal,19.32926,-99.270241
apartment,284103.64,101.0,101.0,Distrito Federal,19.3934457,-99.1796926
house,144922.18,142.0,139.0,Distrito Federal,19.3635678,-99.1253732
apartment,116857.83,0.0,61.0,Distrito Federal,19.3736979,-99.1933122
apartment,189671.34,12000.0,186.0,Quintana Roo,21.1509952814,-86.8153381348
apartment,42770.88,0.0,8265.0,Distrito Federal,19.2569823,-99.1221082
apartment,375000.0,0.0,210.0,Quintana Roo,21.158964,-86.845937
house,102763.0,110.0,161.0,Quintana Roo,21.129547,-86.817017
house,237145.4,209.0,442.0,Distrito Federal,19.4175426939,-99.0959844591
house,189716.32,305.0,370.0,Distrito Federal,19.506321,-99.119331
apartment,448468.3,177.0,177.0,Distrito Federal,19.3689246,-99.17846
apartment,29511.42,0.0,48.0,Distrito Federal,19.316319,-98.970085
house,605894.56,533.0,332.0,Distrito Federal,19.301081,-99.216217
apartment,218700.75,0.0,90.0,Distrito Federal,19.3726839,-99.1836755
house,2200000.0,777.0,755.0,Distrito Federal,19.409919,-99.2399247
apartment,18971.63,0.0,52.0,Distrito Federal,19.329869,-99.085444
house,133064.91,354.0,451.0,Distrito Federal,19.3430788989,-99.0126105398
house,924440.0,887.0,0.0,Quintana Roo,21.1902642,-86.8198375
house,223917.55,297.0,320.0,Quintana Roo,21.1100598238,-86.8472751975
apartment,125843.0,0.0,68.0,Quintana Roo,21.129547,-86.817017
apartment,364940.42,0.0,264.0,Distrito Federal,19.381729,-99.164986
house,194986.21,128.0,279.0,Distrito Federal,19.2801523,-99.1122125
apartment,241993.7,104.0,104.0,Distrito Federal,19.3652461,-99.2010382
store,160731.88,0.0,110.0,Distrito Federal,19.4465217737,-99.1838451102
house,549000.0,397.0,320.0,Quintana Roo,20.613375,-87.089897
house,86162.82,104.0,120.0,Quintana Roo,20.6852678009,-87.0479393005
apartment,81214.39,0.0,47.0,Distrito Federal,19.446829,-99.159454
apartment,458372.4,0.0,188.0,Distrito Federal,19.3654514,-99.1851428
house,3200000.0,1200.0,1600.0,Distrito Federal,19.320576,-99.20929
house,263494.89,62.0,212.0,Distrito Federal,19.361602,-99.2018891
house,537529.57,212.0,298.0,Distrito Federal,19.3482,-99.158066
apartment,136984.85,0.0,52.0,Distrito Federal,19.355751,-99.299347
apartment,685086.71,448.0,448.0,Distrito Federal,19.3870077423,-99.2537411302
apartment,135057.59,81.0,79.0,Distrito Federal,19.3638234,-99.1444714
apartment,39524.23,18.0,61.0,Distrito Federal,19.4304191011,-99.1454980375
house,1250000.0,760.0,764.0,Distrito Federal,19.3606268,-99.2997025
apartment,42159.18,70.0,70.0,Distrito Federal,19.2464696,-99.1013498
house,450000.0,450.0,219.0,Quintana Roo,21.129547,-86.817017
apartment,129312.75,0.0,67.0,Distrito Federal,19.446829,-99.159454
house,195000.0,0.0,0.0,Quintana Roo,20.6758813684,-87.0335828048
apartment,345178.3,0.0,185.0,Quintana Roo,21.173817354,-86.8195867538
apartment,152790.8,0.0,170.0,Quintana Roo,21.129547,-86.817017
house,158096.93,511.0,220.0,Distrito Federal,19.2892273,-99.0029695
house,1370173.43,461.0,780.0,Distrito Federal,19.2790911,-99.2114234
house,2500000.0,1100.0,800.0,Quintana Roo,21.1295466,-86.8170132
apartment,342543.35,0.0,164.0,Distrito Federal,19.3964966893,-99.1472768784
apartment,76413.51,64.0,64.0,Distrito Federal,19.3961879,-99.1874317
house,173906.62,182.0,330.0,Distrito Federal,19.4704,-99.173988
apartment,252895.12,0.0,147.0,Distrito Federal,19.492571,-99.143539
apartment,600000.0,238.0,238.0,Quintana Roo,21.1315809,-86.8585819
apartment,438982.48,161.0,159.0,Distrito Federal,19.275206,-99.218292
house,1350000.0,522.0,1047.0,Distrito Federal,19.390415,-99.254997
apartment,94000.0,5000.0,60.0,Quintana Roo,21.2017195483,-86.8056285381
apartment,168162.43,0.0,63.0,Distrito Federal,19.387764,-99.176758
house,94331.17,137.0,140.0,Quintana Roo,21.139641,-86.879738
house,790484.67,670.0,520.0,Distrito Federal,19.3481367,-99.2030585
apartment,280000.0,200.0,200.0,Quintana Roo,20.6361578773,-87.066950798
house,152352.74,180.0,310.0,Distrito Federal,19.2696791,-99.1108643
apartment,154028.57,300.0,251.0,Quintana Roo,21.082655,-86.857162
house,2000000.0,1140.0,2000.0,Quintana Roo,21.129547,-86.817017
store,352941.0,0.0,100.0,Quintana Roo,21.162141,-86.832895
house,280000.0,300.0,336.0,Quintana Roo,20.6716875498,-87.0388841629
apartment,220000.0,0.0,0.0,Quintana Roo,20.65593,-87.05368
store,79029.72,40.0,40.0,Distrito Federal,19.3421640106,-99.1820597649
house,289844.37,145.0,204.0,Distrito Federal,19.3421640106,-99.2264986038
house,92223.21,0.0,0.0,Distrito Federal,19.3251937,-99.229504
apartment,55860.91,0.0,75.0,Distrito Federal,19.4525158577,-99.124622941
apartment,265000.0,0.0,158.0,Quintana Roo,21.129547,-86.817017
house,299000.0,0.0,234.0,Quintana Roo,20.2268999,-87.4336011
apartment,53967.66,0.0,63.0,Distrito Federal,19.2990233,-99.0436467
apartment,83264.38,0.0,54.0,Distrito Federal,19.458118,-99.125557
house,2975000.0,762.0,762.0,Distrito Federal,19.420166,-99.220367
house,922232.11,524.0,550.0,Distrito Federal,19.305422,-99.2267203
